,revid,parentid,user,userid,timestamp,size,page_id
0,563148561,261372576,Cold Season,14968839,2013-07-06T19:45:26Z,23,12649621
1,635206061,563148561,George Ho,595371,2014-11-24T07:04:36Z,495,12649621
2,635206107,635206061,George Ho,595371,2014-11-24T07:05:03Z,492,12649621
3,635210459,635206107,Legobot,7304691,2014-11-24T08:00:29Z,506,12649621
4,636225069,635210459,Gh87 in the public computer,20562722,2014-12-01T21:38:16Z,475,12649621
5,671231631,636225069,AusLondonder,24801517,2015-07-13T10:03:34Z,495,12649621
6,699699593,671231631,Cyberbot II,16283967,2016-01-13T22:40:31Z,1582,12649621
7,752463343,699699593,InternetArchiveBot,27015025,2016-12-01T11:18:50Z,2839,12649621
8,765155536,752463343,AusLondonder,24801517,2017-02-12T22:05:14Z,2841,12649621
9,801103755,765155536,InternetArchiveBot,27015025,2017-09-17T17:51:06Z,5374,12649621
10,890733776,801103755,Kdm852,18929001,2019-04-03T05:44:10Z,5389,12649621
11,908652866,890733776,Mariogoods,34143604,2019-07-31T03:08:03Z,5465,12649621
