,revid,parentid,user,userid,timestamp,size,anon,userhidden
0,354993534,323723256,Tavatar,7644919.0,2010-04-09T18:34:52Z,2028,,
1,359689915,354993534,119.237.153.52,0.0,2010-05-02T19:16:17Z,2114,True,
2,368922719,359689915,Cydebot,1215485.0,2010-06-19T03:48:41Z,2167,,
3,369159348,368922719,Takamaxa,758848.0,2010-06-20T11:12:31Z,2201,,
4,370216455,369159348,Rjwilmsi,203434.0,2010-06-26T07:18:35Z,2225,,
5,372548054,370216455,北極企鵝觀賞團,9877843.0,2010-07-09T08:45:11Z,2257,,
6,380181899,372548054,Clithering,3273000.0,2010-08-21T17:55:33Z,2257,,
7,380181999,380181899,Clithering,3273000.0,2010-08-21T17:56:08Z,2257,,
8,386664253,380181999,119.236.6.72,0.0,2010-09-24T02:11:16Z,2765,True,
9,390361528,386664253,R'n'B,2300502.0,2010-10-12T20:25:40Z,2783,,
10,392941916,390361528,RjwilmsiBot,10996774.0,2010-10-26T06:09:16Z,3053,,
11,396926336,392941916,114.32.184.105,0.0,2010-11-15T15:49:56Z,3089,True,
12,397716949,396926336,112.118.153.231,0.0,2010-11-19T18:17:03Z,3090,True,
13,408258719,397716949,Kittybrewster,640429.0,2011-01-16T20:15:35Z,3095,,
14,412266883,408258719,1.64.63.29,0.0,2011-02-06T02:02:36Z,3105,True,
15,412552572,412266883,TexasAndroid,271376.0,2011-02-07T16:39:02Z,3101,,
16,416910419,412552572,Deryck Chan,108244.0,2011-03-03T14:27:20Z,3032,,
17,424521659,416910419,Hoising,2864272.0,2011-04-17T13:23:54Z,3040,,
18,437527090,424521659,218.250.155.203,0.0,2011-07-03T09:20:14Z,3224,True,
19,437527190,437527090,218.250.155.203,0.0,2011-07-03T09:21:14Z,3300,True,
20,450584516,437527190,ChuispastonBot,12929566.0,2011-09-15T03:52:35Z,3324,,
21,477901908,450584516,Ohconfucius,736651.0,2012-02-20T16:17:44Z,3401,,
22,478524088,477901908,Italy jai2002,6904097.0,2012-02-24T00:50:18Z,3734,,
23,478524572,478524088,Italy jai2002,6904097.0,2012-02-24T00:53:14Z,3739,,
24,478527867,478524572,Italy jai2002,6904097.0,2012-02-24T01:17:53Z,3403,,
25,497726068,478527867,23.16.155.8,0.0,2012-06-15T15:08:41Z,3412,True,
26,497726077,497726068,23.16.155.8,0.0,2012-06-15T15:08:45Z,3412,True,
27,497726093,497726077,23.16.155.8,0.0,2012-06-15T15:08:49Z,3412,True,
28,497726101,497726093,23.16.155.8,0.0,2012-06-15T15:08:53Z,3412,True,
29,499700207,497726101,Jabo-er,15141079.0,2012-06-28T03:46:06Z,3693,,
30,499762480,499700207,Jabo-er,15141079.0,2012-06-28T14:44:40Z,3883,,
31,500120702,499762480,Dexterfung,14837258.0,2012-07-01T01:13:00Z,4094,,
32,500120840,500120702,Dexterfung,14837258.0,2012-07-01T01:14:29Z,4123,,
33,500205762,500120840,Tavatar,7644919.0,2012-07-01T17:31:38Z,4119,,
34,500315908,500205762,Ricky@36,732883.0,2012-07-02T11:27:21Z,4127,,
35,500357694,500315908,Tokiohotelover,8710486.0,2012-07-02T17:41:03Z,4156,,
36,500747443,500357694,ASDFGH,2305106.0,2012-07-05T04:04:46Z,4237,,
37,500756903,500747443,ASDFGH,2305106.0,2012-07-05T06:04:34Z,4243,,
38,500952678,500756903,Tavatar,7644919.0,2012-07-06T14:01:02Z,4231,,
39,502538713,500952678,23.16.154.171,0.0,2012-07-16T01:38:16Z,4232,True,
40,502592383,502538713,221.124.22.8,0.0,2012-07-16T09:20:43Z,4228,True,
41,503823713,502592383,Tavatar,7644919.0,2012-07-23T20:02:54Z,4255,,
42,514113837,503823713,Chongkian,8766034.0,2012-09-23T03:52:56Z,4267,,
43,514628350,514113837,ASDFGH,2305106.0,2012-09-26T10:58:11Z,4279,,
44,523057497,514628350,Blam102,17890955.0,2012-11-14T22:11:30Z,4283,,
45,524321043,523057497,221.126.121.252,0.0,2012-11-22T08:15:37Z,3921,True,
46,527562203,524321043,Yobot,7328338.0,2012-12-11T17:19:13Z,3918,,
47,529169014,527562203,BG19bot,14508071.0,2012-12-21T21:09:52Z,3880,,
48,536705955,529169014,Tavatar,7644919.0,2013-02-05T15:24:19Z,3862,,
49,537188334,536705955,194.47.147.222,0.0,2013-02-08T08:28:19Z,3855,True,
50,537188551,537188334,194.47.147.222,0.0,2013-02-08T08:30:34Z,3871,True,
51,541423717,537188551,Marxistfounder,17955628.0,2013-03-01T04:33:52Z,3903,,
52,542948643,541423717,Addbot,6569922.0,2013-03-09T01:30:06Z,3858,,
53,553744950,542948643,Lmmnhn,4599174.0,2013-05-06T07:46:12Z,3906,,
54,560205762,553744950,ASDFGH,2305106.0,2013-06-16T21:08:03Z,3932,,
55,562362544,560205762,ASDFGH,2305106.0,2013-07-01T08:20:48Z,3943,,
56,562750307,562362544,Waacstats,1951353.0,2013-07-03T21:46:41Z,3964,,
57,569669786,562750307,Germanomaniac,990328.0,2013-08-22T03:26:25Z,3953,,
58,576107462,569669786,Chongkian,8766034.0,2013-10-07T08:00:47Z,4004,,
59,603770237,576107462,LibStar,4307181.0,2014-04-11T17:25:28Z,4019,,
60,603772834,603770237,AnomieBOT,7611264.0,2014-04-11T17:45:47Z,4035,,
61,614888059,603772834,180.244.56.214,0.0,2014-06-29T14:21:45Z,4039,True,
62,617133681,614888059,170.148.132.135,0.0,2014-07-16T03:25:35Z,4381,True,
63,617133778,617133681,Spirit of Eagle,16860320.0,2014-07-16T03:26:38Z,4380,,
64,618839364,617133778,146.90.147.220,0.0,2014-07-28T16:39:06Z,4040,True,
65,618904081,618839364,170.148.69.140,0.0,2014-07-29T01:49:38Z,4900,True,
66,618904154,618904081,170.148.69.140,0.0,2014-07-29T01:50:11Z,4041,True,
67,623800837,618904154,170.148.69.141,0.0,2014-09-02T02:43:03Z,4900,True,
68,623801200,623800837,170.148.132.136,0.0,2014-09-02T02:46:51Z,5145,True,
69,623802158,623801200,Bollyjeff,12037174.0,2014-09-02T02:57:22Z,4900,,
70,627437344,623802158,86.46.56.41,0.0,2014-09-28T17:31:58Z,4041,True,
71,627696750,627437344,Thenhanian,22704603.0,2014-09-30T16:18:57Z,4037,,
72,627697572,627696750,Pratyya Ghosh,16166519.0,2014-09-30T16:26:14Z,4041,,
73,628040763,627697572,130.113.84.160,0.0,2014-10-03T04:42:53Z,4080,True,
74,628095706,628040763,Underwaterbuffalo,6833051.0,2014-10-03T16:02:11Z,4055,,
75,628098148,628095706,Underwaterbuffalo,6833051.0,2014-10-03T16:21:59Z,4351,,
76,628100587,628098148,AnomieBOT,7611264.0,2014-10-03T16:42:02Z,4405,,
77,628103843,628100587,Underwaterbuffalo,6833051.0,2014-10-03T17:07:12Z,4914,,
78,628107320,628103843,Underwaterbuffalo,6833051.0,2014-10-03T17:35:48Z,4909,,
79,628114105,628107320,Underwaterbuffalo,6833051.0,2014-10-03T18:28:21Z,5340,,
80,628116398,628114105,Underwaterbuffalo,6833051.0,2014-10-03T18:47:17Z,5684,,
81,628118922,628116398,Underwaterbuffalo,6833051.0,2014-10-03T19:11:13Z,5714,,
82,629441190,628118922,Ohconfucius,736651.0,2014-10-13T14:20:49Z,5693,,
83,632957042,629441190,TheCoffeeAddict,22957913.0,2014-11-08T14:18:12Z,5722,,
84,633631868,632957042,165.202.4.150,0.0,2014-11-13T06:02:05Z,5755,True,
85,633632189,633631868,Widr,13975403.0,2014-11-13T06:06:51Z,5722,,
86,666724174,633632189,182.255.99.214,0.0,2015-06-13T06:02:37Z,5756,True,
87,679543344,666724174,MICE Playroom,26179409.0,2015-09-05T06:25:08Z,5965,,
88,679613129,679543344,Arjayay,5718152.0,2015-09-05T17:29:23Z,5966,,
89,679615661,679613129,AnomieBOT,7611264.0,2015-09-05T17:49:57Z,5986,,
90,688697940,679615661,Ohconfucius,736651.0,2015-11-02T14:45:15Z,6694,,
91,688697965,688697940,Ohconfucius,736651.0,2015-11-02T14:45:31Z,6693,,
92,688890396,688697965,Lmmnhn,4599174.0,2015-11-03T17:43:29Z,6935,,
93,695219716,688890396,Thunderstorm008,19279160.0,2015-12-14T16:01:15Z,7576,,
94,704134525,695219716,Citobun,19212093.0,2016-02-09T19:27:03Z,7559,,
95,704374426,704134525,Lockley,207616.0,2016-02-11T05:16:25Z,7272,,
96,711473771,704374426,Lmmnhn,4599174.0,2016-03-23T02:34:12Z,7311,,
97,712437599,711473771,Tim.wong.427,27948217.0,2016-03-29T02:36:58Z,7246,,
98,712437702,712437599,Tim.wong.427,27948217.0,2016-03-29T02:37:45Z,7247,,
99,712444007,712437702,Citobun,19212093.0,2016-03-29T03:36:22Z,7311,,
100,714810465,712444007,Timothylamlam,25246836.0,2016-04-12T00:12:02Z,7306,,
101,715012124,714810465,BG19bot,14508071.0,2016-04-13T05:11:10Z,7311,,
102,715019758,715012124,Bgwhite,264323.0,2016-04-13T06:44:50Z,7294,,
103,715060543,715019758,59.148.102.132,0.0,2016-04-13T13:44:03Z,7290,True,
104,715060697,715060543,59.148.102.132,0.0,2016-04-13T13:45:22Z,7277,True,
105,715060838,715060697,Dcirovic,11795905.0,2016-04-13T13:46:31Z,7294,,
106,715157911,715060838,Matthewmajorb,25143404.0,2016-04-14T01:57:12Z,7297,,
107,715157992,715157911,Timothylamlam,25246836.0,2016-04-14T01:57:48Z,7288,,
108,715158134,715157992,Timothylamlam,25246836.0,2016-04-14T01:58:59Z,7294,,
109,715158189,715158134,Timothylamlam,25246836.0,2016-04-14T01:59:24Z,6213,,
110,715158219,715158189,Timothylamlam,25246836.0,2016-04-14T01:59:38Z,4473,,
111,715158254,715158219,Timothylamlam,25246836.0,2016-04-14T01:59:51Z,3317,,
112,715158269,715158254,Timothylamlam,25246836.0,2016-04-14T02:00:00Z,79,,
113,715158349,715158269,Timothylamlam,25246836.0,2016-04-14T02:00:37Z,0,,
114,715158468,715158349,Meters,3632083.0,2016-04-14T02:01:41Z,7297,,
115,715158558,715158468,Meters,3632083.0,2016-04-14T02:02:35Z,7294,,
116,715158780,715158558,Matthewmajorb,25143404.0,2016-04-14T02:04:40Z,5326,,
117,715158839,715158780,3primetime3,21425809.0,2016-04-14T02:05:12Z,7294,,
118,715158951,715158839,Matthewmajorb,25143404.0,2016-04-14T02:06:26Z,7312,,
119,715158953,715158951,ClueBot NG,13286072.0,2016-04-14T02:06:29Z,7294,,
120,715343319,715158953,218.188.222.205,0.0,2016-04-15T05:42:43Z,7297,True,
121,715422786,715343319,Lmmnhn,4599174.0,2016-04-15T18:05:41Z,7361,,
122,717690738,715422786,Citobun,19212093.0,2016-04-29T04:50:18Z,7366,,
123,723659830,717690738,116.49.211.169,0.0,2016-06-04T10:56:44Z,7409,True,
124,723659871,723659830,116.49.211.169,0.0,2016-06-04T10:57:15Z,7405,True,
125,724949845,723659871,STSC,1732781.0,2016-06-12T16:29:58Z,7464,,
126,724950426,724949845,STSC,1732781.0,2016-06-12T16:34:42Z,7502,,
127,724952038,724950426,STSC,1732781.0,2016-06-12T16:48:32Z,7576,,
128,724953459,724952038,STSC,1732781.0,2016-06-12T17:01:02Z,7585,,
129,725966994,724953459,Music1201,27871940.0,2016-06-19T02:18:18Z,7585,,
130,726418333,725966994,STSC,1732781.0,2016-06-22T01:56:17Z,7615,,
131,727757936,726418333,ASDFGH,2305106.0,2016-07-01T02:13:41Z,7626,,
132,727758080,727757936,Lmmnhn,4599174.0,2016-07-01T02:14:54Z,7680,,
133,730481299,727758080,Citobun,19212093.0,2016-07-19T08:10:08Z,7920,,
134,744946831,730481299,Lmmnhn,4599174.0,2016-10-18T11:39:26Z,7959,,
135,745124657,744946831,Lmmnhn,4599174.0,2016-10-19T11:22:14Z,7980,,
136,745124725,745124657,Lmmnhn,4599174.0,2016-10-19T11:22:50Z,7941,,
137,745125468,745124725,Lmmnhn,4599174.0,2016-10-19T11:30:46Z,7941,,
138,749801296,745125468,InternetArchiveBot,27015025.0,2016-11-16T06:20:00Z,8123,,
139,754183909,749801296,2406:3003:200F:55:1EB7:2CFF:FE3A:1A02,0.0,2016-12-11T08:31:40Z,8133,True,
140,754250857,754183909,Lmmnhn,4599174.0,2016-12-11T17:36:00Z,8121,,
141,755626619,754250857,Lmmnhn,4599174.0,2016-12-19T05:55:14Z,8123,,
142,759616778,755626619,Lmmnhn,4599174.0,2017-01-12T05:59:47Z,18877,,
143,759617757,759616778,Lmmnhn,4599174.0,2017-01-12T06:07:38Z,19762,,
144,759619038,759617757,Lmmnhn,4599174.0,2017-01-12T06:17:56Z,19809,,
145,759619190,759619038,Lmmnhn,4599174.0,2017-01-12T06:19:02Z,19822,,
146,759622643,759619190,Citobun,19212093.0,2017-01-12T06:56:00Z,19833,,
147,759651788,759622643,Lmmnhn,4599174.0,2017-01-12T12:23:20Z,20716,,
148,759654813,759651788,Lmmnhn,4599174.0,2017-01-12T12:53:03Z,20827,,
149,759654866,759654813,Lmmnhn,4599174.0,2017-01-12T12:53:31Z,20854,,
150,759655359,759654866,Lmmnhn,4599174.0,2017-01-12T12:57:34Z,20858,,
151,759655865,759655359,Lmmnhn,4599174.0,2017-01-12T13:02:22Z,21551,,
152,759655931,759655865,Lmmnhn,4599174.0,2017-01-12T13:02:56Z,21551,,
153,759656040,759655931,Lmmnhn,4599174.0,2017-01-12T13:03:52Z,21254,,
154,759656107,759656040,Lmmnhn,4599174.0,2017-01-12T13:04:29Z,21249,,
155,759656162,759656107,Lmmnhn,4599174.0,2017-01-12T13:04:53Z,21245,,
156,759656167,759656162,182.239.106.192,0.0,2017-01-12T13:04:57Z,21033,True,
157,759656314,759656167,Lmmnhn,4599174.0,2017-01-12T13:06:10Z,21087,,
158,759665304,759656314,Lmmnhn,4599174.0,2017-01-12T14:22:25Z,21091,,
159,759665410,759665304,Lmmnhn,4599174.0,2017-01-12T14:23:13Z,21105,,
160,759665890,759665410,Lmmnhn,4599174.0,2017-01-12T14:27:50Z,21147,,
161,759667731,759665890,Lmmnhn,4599174.0,2017-01-12T14:44:07Z,21151,,
162,759673346,759667731,Lmmnhn,4599174.0,2017-01-12T15:25:17Z,21151,,
163,759704255,759673346,51.174.175.191,0.0,2017-01-12T18:43:35Z,21142,True,
164,759704322,759704255,51.174.175.191,0.0,2017-01-12T18:44:02Z,21129,True,
165,759704381,759704322,51.174.175.191,0.0,2017-01-12T18:44:28Z,21138,True,
166,759718868,759704381,Lmmnhn,4599174.0,2017-01-12T20:17:06Z,21140,,
167,759720289,759718868,Lmmnhn,4599174.0,2017-01-12T20:26:51Z,21153,,
168,759720600,759720289,Lmmnhn,4599174.0,2017-01-12T20:28:52Z,21125,,
169,759723489,759720600,Lmmnhn,4599174.0,2017-01-12T20:49:04Z,21181,,
170,759729248,759723489,Simonhksc,29777372.0,2017-01-12T21:26:28Z,21129,,
171,759745621,759729248,Lmmnhn,4599174.0,2017-01-12T23:16:09Z,21322,,
172,759748043,759745621,Seeunextime,25847548.0,2017-01-12T23:34:41Z,21403,,
173,759748334,759748043,Seeunextime,25847548.0,2017-01-12T23:37:11Z,21410,,
174,759749100,759748334,Lmmnhn,4599174.0,2017-01-12T23:42:56Z,21449,,
175,759762287,759749100,Robinette Q,30047722.0,2017-01-13T01:20:00Z,21464,,
176,759797071,759762287,Marxistfounder,17955628.0,2017-01-13T05:48:21Z,21384,,
177,760145496,759797071,Seeunextime,25847548.0,2017-01-15T06:51:03Z,21778,,
178,760146906,760145496,Citobun,19212093.0,2017-01-15T07:08:22Z,21384,,
179,760152850,760146906,Seeunextime,25847548.0,2017-01-15T08:22:26Z,22893,,
180,760169621,760152850,Seeunextime,25847548.0,2017-01-15T11:03:02Z,22889,,
181,760291490,760169621,Seeunextime,25847548.0,2017-01-16T02:42:31Z,23724,,
182,760295181,760291490,Seeunextime,25847548.0,2017-01-16T03:15:31Z,23904,,
183,760323036,760295181,Lmmnhn,4599174.0,2017-01-16T08:01:59Z,23832,,
184,760323091,760323036,Lmmnhn,4599174.0,2017-01-16T08:02:32Z,23812,,
185,760323566,760323091,Lmmnhn,4599174.0,2017-01-16T08:07:04Z,23766,,
186,760325037,760323566,Lmmnhn,4599174.0,2017-01-16T08:23:08Z,23908,,
187,760335221,760325037,Ginza Hikari,29172826.0,2017-01-16T10:07:47Z,23908,,
188,760351560,760335221,Ckh3111,21887372.0,2017-01-16T12:58:40Z,23908,,
189,760402684,760351560,Simonhksc,29777372.0,2017-01-16T19:46:43Z,23870,,
190,760451652,760402684,Stomatapoll,17587100.0,2017-01-17T02:03:26Z,24037,,
191,760520827,760451652,147.142.185.122,0.0,2017-01-17T14:42:03Z,24163,True,
192,760520969,760520827,147.142.185.122,0.0,2017-01-17T14:43:25Z,24461,True,
193,760548802,760520969,Lmmnhn,4599174.0,2017-01-17T18:03:00Z,24486,,
194,760548991,760548802,Lmmnhn,4599174.0,2017-01-17T18:04:17Z,24503,,
195,760639985,760548991,Lmmnhn,4599174.0,2017-01-18T05:22:26Z,24507,,
196,760640068,760639985,Lmmnhn,4599174.0,2017-01-18T05:23:07Z,24508,,
197,760640227,760640068,Lmmnhn,4599174.0,2017-01-18T05:24:11Z,24533,,
198,760640648,760640227,Lmmnhn,4599174.0,2017-01-18T05:27:11Z,24570,,
199,760641131,760640648,Lmmnhn,4599174.0,2017-01-18T05:30:39Z,24520,,
200,760880165,760641131,Jabo-er,15141079.0,2017-01-19T16:39:32Z,24575,,
201,760891272,760880165,Lmmnhn,4599174.0,2017-01-19T17:53:38Z,24699,,
202,760913003,760891272,Lmmnhn,4599174.0,2017-01-19T20:12:40Z,24712,,
203,760982876,760913003,Seeunextime,25847548.0,2017-01-20T04:59:02Z,24712,,
204,761050138,760982876,Lmmnhn,4599174.0,2017-01-20T16:01:02Z,25287,,
205,761283154,761050138,Lmmnhn,4599174.0,2017-01-22T02:33:25Z,25251,,
206,761342456,761283154,Lmmnhn,4599174.0,2017-01-22T12:31:42Z,25289,,
207,761434044,761342456,Lmmnhn,4599174.0,2017-01-23T00:06:21Z,26113,,
208,761434112,761434044,Lmmnhn,4599174.0,2017-01-23T00:06:47Z,26107,,
209,761534020,761434112,Simonhksc,29777372.0,2017-01-23T13:52:56Z,26090,,
210,761564037,761534020,Lmmnhn,4599174.0,2017-01-23T17:24:38Z,26672,,
211,761653752,761564037,Teddy.Coughlin,3804955.0,2017-01-24T02:16:54Z,26680,,
212,761694319,761653752,170.148.132.136,0.0,2017-01-24T08:04:43Z,27417,True,
213,761694490,761694319,Jim1138,7695475.0,2017-01-24T08:06:56Z,26680,,
214,761695891,761694490,Lmmnhn,4599174.0,2017-01-24T08:26:00Z,26949,,
215,761713190,761695891,170.148.132.136,0.0,2017-01-24T11:34:02Z,27686,True,
216,761713714,761713190,Jim1138,7695475.0,2017-01-24T11:39:44Z,26949,,
217,761729827,761713714,180.149.244.18,0.0,2017-01-24T14:25:06Z,27732,True,
218,761746630,761729827,Wylve,2299237.0,2017-01-24T16:23:38Z,26778,,
219,761749941,761746630,AnomieBOT,7611264.0,2017-01-24T16:43:44Z,26796,,
220,761842159,761749941,170.148.132.135,0.0,2017-01-25T03:11:55Z,26778,True,
221,761842422,761842159,170.148.132.135,0.0,2017-01-25T03:14:35Z,27732,True,
222,761851949,761842422,Jim1138,7695475.0,2017-01-25T04:52:13Z,26778,,
223,761853915,761851949,AnomieBOT,7611264.0,2017-01-25T05:12:17Z,26796,,
224,761856229,761853915,170.148.69.141,0.0,2017-01-25T05:35:27Z,26778,True,
225,761856410,761856229,170.148.69.141,0.0,2017-01-25T05:37:18Z,27771,True,
226,761856842,761856410,Jim1138,7695475.0,2017-01-25T05:41:54Z,26778,,
227,761857198,761856842,Jim1138,7695475.0,2017-01-25T05:45:51Z,26796,,
228,761860044,761857198,170.148.69.141,0.0,2017-01-25T06:13:59Z,23483,True,
229,761860193,761860044,Quinton Feldberg,29380370.0,2017-01-25T06:15:12Z,26796,,
230,761861121,761860193,Citobun,19212093.0,2017-01-25T06:22:47Z,26778,,
231,761862353,761861121,Lmmnhn,4599174.0,2017-01-25T06:33:59Z,26822,,
232,761868926,761862353,Oshwah,3174456.0,2017-01-25T07:45:19Z,26822,,
233,761868928,761868926,Oshwah,3174456.0,2017-01-25T07:45:20Z,26879,,
234,761869031,761868928,Oshwah,3174456.0,2017-01-25T07:46:28Z,26672,,
235,761869085,761869031,Oshwah,3174456.0,2017-01-25T07:47:08Z,26729,,
236,761869459,761869085,Wylve,2299237.0,2017-01-25T07:51:54Z,26602,,
237,761871035,761869459,AnomieBOT,7611264.0,2017-01-25T08:12:14Z,26620,,
238,761939772,761871035,Lmmnhn,4599174.0,2017-01-25T18:49:33Z,26980,,
239,762045385,761939772,Lmmnhn,4599174.0,2017-01-26T08:46:01Z,26979,,
240,762100425,762045385,John of Reading,11308236.0,2017-01-26T17:19:33Z,26977,,
241,762227449,762100425,DumbBOT,1310918.0,2017-01-27T13:41:28Z,26920,,
242,762670325,762227449,Lmmnhn,4599174.0,2017-01-30T02:46:50Z,26958,,
243,762709419,762670325,Lmmnhn,4599174.0,2017-01-30T08:43:02Z,27118,,
244,763431876,762709419,Lmmnhn,4599174.0,2017-02-03T06:06:08Z,28884,,
245,763434683,763431876,AnomieBOT,7611264.0,2017-02-03T06:37:18Z,29098,,
246,763512648,763434683,Lmmnhn,4599174.0,2017-02-03T18:03:54Z,30468,,
247,763841381,763512648,WWY1941,25457716.0,2017-02-05T14:57:16Z,30504,,
248,763841451,763841381,WWY1941,25457716.0,2017-02-05T14:57:47Z,30501,,
249,763855968,763841451,Lmmnhn,4599174.0,2017-02-05T16:44:49Z,30468,,
250,764138202,763855968,Lmmnhn,4599174.0,2017-02-07T08:21:37Z,30460,,
251,764667318,764138202,Lmmnhn,4599174.0,2017-02-10T06:22:39Z,31608,,
252,764667628,764667318,Lmmnhn,4599174.0,2017-02-10T06:26:22Z,28234,,
253,764667998,764667628,Lmmnhn,4599174.0,2017-02-10T06:30:39Z,28292,,
254,764685421,764667998,Lmmnhn,4599174.0,2017-02-10T09:55:04Z,28292,,
255,764685509,764685421,Lmmnhn,4599174.0,2017-02-10T09:56:04Z,28314,,
256,764774085,764685509,Lmmnhn,4599174.0,2017-02-10T21:23:27Z,28322,,
257,765342423,764774085,Lmmnhn,4599174.0,2017-02-13T21:48:47Z,28370,,
258,765342509,765342423,24.85.162.238,0.0,2017-02-13T21:49:13Z,28418,True,
259,765360329,765342509,Lmmnhn,4599174.0,2017-02-13T23:46:01Z,28370,,
260,766745469,765360329,Fixer88,9945971.0,2017-02-21T22:19:12Z,28451,,
261,767582174,766745469,Lmmnhn,4599174.0,2017-02-26T19:16:09Z,28468,,
262,767957800,767582174,Lmmnhn,4599174.0,2017-02-28T23:06:20Z,32131,,
263,767958154,767957800,Lmmnhn,4599174.0,2017-02-28T23:09:42Z,32245,,
264,767958566,767958154,Lmmnhn,4599174.0,2017-02-28T23:13:12Z,32286,,
265,767958781,767958566,Lmmnhn,4599174.0,2017-02-28T23:15:07Z,32291,,
266,767996257,767958781,Lmmnhn,4599174.0,2017-03-01T04:28:38Z,32354,,
267,768234995,767996257,Lmmnhn,4599174.0,2017-03-02T16:27:52Z,32354,,
268,768695763,768234995,G.-K. d'Ulaanbaatar,30516404.0,2017-03-05T07:37:45Z,44,,
269,768695772,768695763,ClueBot NG,13286072.0,2017-03-05T07:37:50Z,32354,,
270,768784119,768695772,Lmmnhn,4599174.0,2017-03-05T19:39:52Z,32360,,
271,768784210,768784119,Lmmnhn,4599174.0,2017-03-05T19:40:40Z,32364,,
272,768936541,768784210,Lmmnhn,4599174.0,2017-03-06T16:55:52Z,32446,,
273,770066566,768936541,Bender the Bot,28903366.0,2017-03-13T07:08:59Z,32444,,
274,770193498,770066566,Tassedethe,7098284.0,2017-03-13T23:45:02Z,32520,,
275,771423092,770193498,61.239.215.235,0.0,2017-03-21T13:02:09Z,32550,True,
276,771902602,771423092,223.197.153.206,0.0,2017-03-24T04:30:11Z,32618,True,
277,771997043,771902602,Lmmnhn,4599174.0,2017-03-24T18:27:56Z,32670,,
278,772009088,771997043,Emir of Wikipedia,28856560.0,2017-03-24T19:52:19Z,32694,,
279,772073382,772009088,111.250.28.232,0.0,2017-03-25T04:50:18Z,32711,True,
280,772100304,772073382,GünniX,237572.0,2017-03-25T09:07:27Z,32712,,
281,772248521,772100304,Clh hilary,5078501.0,2017-03-26T04:51:02Z,33059,,
282,772248732,772248521,Yeungh17,29956306.0,2017-03-26T04:53:09Z,33130,,
283,772248958,772248732,Yeungh17,29956306.0,2017-03-26T04:55:20Z,33185,,
284,772249000,772248958,Zach Vega,15182757.0,2017-03-26T04:55:42Z,33059,,
285,772249026,772249000,Clh hilary,5078501.0,2017-03-26T04:56:00Z,33255,,
286,772249326,772249026,Clh hilary,5078501.0,2017-03-26T04:58:56Z,33414,,
287,772249976,772249326,61.221.30.37,0.0,2017-03-26T05:04:57Z,33414,True,
288,772250884,772249976,113.157.253.130,0.0,2017-03-26T05:13:52Z,33420,True,
289,772253652,772250884,124.217.189.8,0.0,2017-03-26T05:42:28Z,33416,True,
290,772255538,772253652,Ser Amantio di Nicolao,753665.0,2017-03-26T06:02:57Z,33460,,
291,772255669,772255538,Ser Amantio di Nicolao,753665.0,2017-03-26T06:04:11Z,33460,,
292,772256186,772255669,112.118.245.156,0.0,2017-03-26T06:08:53Z,33481,True,
293,772256243,772256186,112.118.245.156,0.0,2017-03-26T06:09:22Z,33481,True,
294,772256977,772256243,KTC,150159.0,2017-03-26T06:16:30Z,33482,,
295,772257809,772256977,KTC,150159.0,2017-03-26T06:24:42Z,33482,,
296,772258247,772257809,KTC,150159.0,2017-03-26T06:29:26Z,33580,,
297,772258488,772258247,Lmmnhn,4599174.0,2017-03-26T06:32:14Z,33688,,
298,772263861,772258488,59.148.102.132,0.0,2017-03-26T07:35:56Z,33659,True,
299,772264126,772263861,Materialscientist,7852030.0,2017-03-26T07:39:14Z,33688,,
300,772289936,772264126,Tullyvallin,22505827.0,2017-03-26T12:02:34Z,33663,,
301,772296521,772289936,KTo288,2312902.0,2017-03-26T13:06:36Z,33657,,
302,772296624,772296521,KTo288,2312902.0,2017-03-26T13:07:35Z,33663,,
303,772296877,772296624,KTo288,2312902.0,2017-03-26T13:10:25Z,33664,,
304,772298282,772296877,Akuindo,13398104.0,2017-03-26T13:22:56Z,33663,,
305,772314393,772298282,141.138.60.82,0.0,2017-03-26T15:38:39Z,33672,True,
306,772315026,772314393,Tseung Kwan O,27724399.0,2017-03-26T15:43:59Z,33673,,
307,772315530,772315026,Tseung Kwan O,27724399.0,2017-03-26T15:48:17Z,33678,,
308,772330049,772315530,Lmmnhn,4599174.0,2017-03-26T17:34:08Z,34069,,
309,772330416,772330049,Lmmnhn,4599174.0,2017-03-26T17:36:34Z,34203,,
310,772344992,772330416,Lmmnhn,4599174.0,2017-03-26T19:11:55Z,34201,,
311,772345330,772344992,Lmmnhn,4599174.0,2017-03-26T19:14:12Z,34193,,
312,772380227,772345330,Clh hilary,5078501.0,2017-03-26T23:06:55Z,34239,,
313,772392853,772380227,Sigehelmus,21621158.0,2017-03-27T00:47:59Z,33641,,
314,772392889,772392853,Sigehelmus,21621158.0,2017-03-27T00:48:16Z,33695,,
315,772417676,772392889,Elton-Rodrigues,29473951.0,2017-03-27T04:31:16Z,33937,,
316,772422491,772417676,Marxistfounder,17955628.0,2017-03-27T05:23:59Z,33938,,
317,772422822,772422491,Sunshine678,28868903.0,2017-03-27T05:28:07Z,34025,,
318,772430727,772422822,人一名,15363821.0,2017-03-27T07:05:37Z,34037,,
319,772430988,772430727,人一名,15363821.0,2017-03-27T07:08:38Z,34034,,
320,772478003,772430988,The Rambling Man,270413.0,2017-03-27T14:41:35Z,33980,,
321,772482610,772478003,Jayron32,1623918.0,2017-03-27T15:13:57Z,33992,,
322,772482703,772482610,Jayron32,1623918.0,2017-03-27T15:14:39Z,34016,,
323,772482710,772482703,KTo288,2312902.0,2017-03-27T15:14:44Z,34017,,
324,772485315,772482710,AnomieBOT,7611264.0,2017-03-27T15:34:58Z,34097,,
325,772489911,772485315,Sigehelmus,21621158.0,2017-03-27T16:09:02Z,34121,,
326,772501127,772489911,人一名,15363821.0,2017-03-27T17:29:08Z,34122,,
327,772553357,772501127,174.126.91.16,0.0,2017-03-27T23:39:13Z,34107,True,
328,772553685,772553357,All Hallow's Wraith,5044346.0,2017-03-27T23:42:38Z,34072,,
329,772557381,772553685,Lmmnhn,4599174.0,2017-03-28T00:15:45Z,33933,,
330,772566918,772557381,Lmmnhn,4599174.0,2017-03-28T01:33:04Z,33935,,
331,772577906,772566918,Spellcast,2968397.0,2017-03-28T03:20:17Z,33953,,
332,772588643,772577906,BigHaz,48553.0,2017-03-28T05:15:18Z,33953,,
333,772592091,772588643,70.51.200.162,0.0,2017-03-28T05:56:43Z,34032,True,
334,772599154,772592091,2601:602:9500:F5B9:CDCE:B956:5ACB:3A70,0.0,2017-03-28T07:18:12Z,34040,True,
335,772599265,772599154,2601:602:9500:F5B9:CDCE:B956:5ACB:3A70,0.0,2017-03-28T07:19:22Z,34046,True,
336,772599858,772599265,RaphaelQS,18571418.0,2017-03-28T07:26:23Z,34056,,
337,772648763,772599858,Noah5151,29264438.0,2017-03-28T14:53:57Z,34060,,
338,772676091,772648763,Emir of Wikipedia,28856560.0,2017-03-28T17:48:35Z,34467,,
339,772676479,772676091,107.77.219.22,0.0,2017-03-28T17:51:23Z,34467,True,
340,772676839,772676479,107.77.219.22,0.0,2017-03-28T17:53:43Z,34467,True,
341,772676951,772676839,107.77.219.22,0.0,2017-03-28T17:54:29Z,34467,True,
342,772684005,772676951,83.24.98.200,0.0,2017-03-28T18:42:27Z,34465,True,
343,772703410,772684005,24.52.244.174,0.0,2017-03-28T20:50:46Z,34450,True,
344,772710830,772703410,54.209.17.119,0.0,2017-03-28T21:46:09Z,34449,True,
345,772711494,772710830,L'uomo dell'armonica,21611404.0,2017-03-28T21:51:08Z,34450,,
346,772711517,772711494,GoodDay,589223.0,2017-03-28T21:51:25Z,34445,,
347,772711956,772711517,83d40m,2724616.0,2017-03-28T21:54:42Z,34469,,
348,772730534,772711956,94.5.163.78,0.0,2017-03-29T00:29:49Z,34473,True,
349,772744625,772730534,181.46.47.140,0.0,2017-03-29T02:28:01Z,34464,True,
350,772748243,772744625,Lmmnhn,4599174.0,2017-03-29T03:02:42Z,34653,,
351,772748333,772748243,Lmmnhn,4599174.0,2017-03-29T03:03:36Z,34574,,
352,772748721,772748333,Lmmnhn,4599174.0,2017-03-29T03:07:36Z,35329,,
353,772763901,772748721,139.190.36.141,0.0,2017-03-29T05:49:25Z,35328,True,
354,772766666,772763901,Citobun,19212093.0,2017-03-29T06:22:10Z,35329,,
355,772787587,772766666,You've gone incognito,27993049.0,2017-03-29T09:45:04Z,35247,,
356,772787717,772787587,You've gone incognito,27993049.0,2017-03-29T09:46:43Z,35208,,
357,772795151,772787717,Adûnâi,21854733.0,2017-03-29T11:15:57Z,35209,,
358,772812140,772795151,Egeymi,16490385.0,2017-03-29T13:58:55Z,35167,,
359,772822172,772812140,安眠3,14591249.0,2017-03-29T15:20:33Z,35186,,
360,772871568,772822172,CentreLeftRight,23551833.0,2017-03-29T20:59:42Z,35188,,
361,772898175,772871568,BoogaLouie,3094203.0,2017-03-30T00:49:25Z,35704,,
362,772899763,772898175,BoogaLouie,3094203.0,2017-03-30T01:03:30Z,35769,,
363,772906044,772899763,Sirlanz,4714987.0,2017-03-30T01:59:34Z,35775,,
364,772906328,772906044,Sirlanz,4714987.0,2017-03-30T02:02:12Z,35521,,
365,772906768,772906328,Sirlanz,4714987.0,2017-03-30T02:06:10Z,35506,,
366,772906848,772906768,Sirlanz,4714987.0,2017-03-30T02:07:01Z,35534,,
367,772907112,772906848,Sirlanz,4714987.0,2017-03-30T02:09:35Z,35566,,
368,772907822,772907112,Sirlanz,4714987.0,2017-03-30T02:16:14Z,35499,,
369,772907950,772907822,Sirlanz,4714987.0,2017-03-30T02:17:33Z,35491,,
370,772908359,772907950,Sirlanz,4714987.0,2017-03-30T02:21:33Z,35508,,
371,772940906,772908359,Lmmnhn,4599174.0,2017-03-30T08:33:54Z,35523,,
372,772941190,772940906,GlabatorX,26967126.0,2017-03-30T08:37:43Z,35520,,
373,772941292,772941190,Materialscientist,7852030.0,2017-03-30T08:39:02Z,35523,,
374,772941306,772941292,Lmmnhn,4599174.0,2017-03-30T08:39:08Z,35220,,
375,772941928,772941306,Lmmnhn,4599174.0,2017-03-30T08:47:11Z,35226,,
376,773028662,772941928,BoogaLouie,3094203.0,2017-03-30T20:56:07Z,35734,,
377,773030391,773028662,BoogaLouie,3094203.0,2017-03-30T21:09:13Z,35520,,
378,773111038,773030391,Prodigyhk,3695730.0,2017-03-31T10:47:18Z,35455,,
379,773111254,773111038,Prodigyhk,3695730.0,2017-03-31T10:49:54Z,35445,,
380,773125948,773111254,123.202.248.170,0.0,2017-03-31T13:30:49Z,35448,True,
381,773224430,773125948,220.122.153.70,0.0,2017-04-01T03:03:32Z,35429,True,
382,773229916,773224430,You've gone incognito,27993049.0,2017-04-01T03:58:36Z,35404,,
383,773231259,773229916,2606:A000:4B8F:9B00:4C4C:336:2417:3DE7,0.0,2017-04-01T04:14:28Z,35439,True,
384,773231388,773231259,2606:A000:4B8F:9B00:4C4C:336:2417:3DE7,0.0,2017-04-01T04:15:45Z,35443,True,
385,773263774,773231388,Sirlanz,4714987.0,2017-04-01T10:35:02Z,35465,,
386,773268172,773263774,Sirlanz,4714987.0,2017-04-01T11:19:56Z,34950,,
387,773268548,773268172,Sirlanz,4714987.0,2017-04-01T11:23:38Z,34556,,
388,773268625,773268548,Sirlanz,4714987.0,2017-04-01T11:24:24Z,34534,,
389,773268754,773268625,Sirlanz,4714987.0,2017-04-01T11:26:03Z,34764,,
390,773270052,773268754,Sirlanz,4714987.0,2017-04-01T11:41:42Z,34732,,
391,773270811,773270052,Sirlanz,4714987.0,2017-04-01T11:50:44Z,34685,,
392,773270968,773270811,Sirlanz,4714987.0,2017-04-01T11:52:57Z,34466,,
393,773271069,773270968,Sirlanz,4714987.0,2017-04-01T11:54:11Z,34466,,
394,773279994,773271069,Sirlanz,4714987.0,2017-04-01T13:26:11Z,34500,,
395,773280664,773279994,Sirlanz,4714987.0,2017-04-01T13:32:46Z,35110,,
396,773282556,773280664,Sirlanz,4714987.0,2017-04-01T13:49:37Z,35380,,
397,773282913,773282556,Sirlanz,4714987.0,2017-04-01T13:52:57Z,35391,,
398,773283620,773282913,Sirlanz,4714987.0,2017-04-01T13:58:41Z,35428,,
399,773284791,773283620,Sirlanz,4714987.0,2017-04-01T14:08:18Z,35627,,
400,773285043,773284791,Sirlanz,4714987.0,2017-04-01T14:10:12Z,35482,,
401,773285648,773285043,Sirlanz,4714987.0,2017-04-01T14:15:03Z,35337,,
402,773286379,773285648,Sirlanz,4714987.0,2017-04-01T14:20:35Z,35464,,
403,773287506,773286379,Sirlanz,4714987.0,2017-04-01T14:29:00Z,36236,,
404,773288267,773287506,Sirlanz,4714987.0,2017-04-01T14:34:30Z,36271,,
405,773293697,773288267,AnomieBOT,7611264.0,2017-04-01T15:12:14Z,36276,,
406,773296257,773293697,Lmmnhn,4599174.0,2017-04-01T15:31:00Z,35226,,
407,773297308,773296257,Lmmnhn,4599174.0,2017-04-01T15:36:34Z,35216,,
408,773302041,773297308,BoogaLouie,3094203.0,2017-04-01T16:09:10Z,36276,,
409,773307188,773302041,Lmmnhn,4599174.0,2017-04-01T16:50:06Z,35216,,
410,773308037,773307188,Lmmnhn,4599174.0,2017-04-01T16:56:28Z,35275,,
411,773308609,773308037,Lmmnhn,4599174.0,2017-04-01T17:01:14Z,35297,,
412,773308850,773308609,Lmmnhn,4599174.0,2017-04-01T17:03:30Z,35602,,
413,773309040,773308850,Lmmnhn,4599174.0,2017-04-01T17:05:24Z,35733,,
414,773309086,773309040,Lmmnhn,4599174.0,2017-04-01T17:05:51Z,35739,,
415,773309799,773309086,BoogaLouie,3094203.0,2017-04-01T17:12:00Z,36276,,
416,773321855,773309799,RaphaelQS,18571418.0,2017-04-01T18:42:45Z,36238,,
417,773355846,773321855,24.52.244.174,0.0,2017-04-01T22:47:06Z,36241,True,
418,773370323,773355846,Lmmnhn,4599174.0,2017-04-02T00:39:49Z,35773,,
419,773370589,773370323,Lmmnhn,4599174.0,2017-04-02T00:41:47Z,35676,,
420,773403220,773370589,RaphaelQS,18571418.0,2017-04-02T05:07:44Z,35686,,
421,773449783,773403220,You've gone incognito,27993049.0,2017-04-02T13:29:36Z,35504,,
422,773450034,773449783,Prodigyhk,3695730.0,2017-04-02T13:31:45Z,35439,,
423,773450814,773450034,You've gone incognito,27993049.0,2017-04-02T13:38:41Z,35400,,
424,773452179,773450814,Prodigyhk,3695730.0,2017-04-02T13:52:13Z,35439,,
425,773460212,773452179,Lmmnhn,4599174.0,2017-04-02T15:02:50Z,35459,,
426,773460307,773460212,Lmmnhn,4599174.0,2017-04-02T15:03:29Z,35475,,
427,773460598,773460307,Lmmnhn,4599174.0,2017-04-02T15:05:38Z,35480,,
428,773461199,773460598,Lmmnhn,4599174.0,2017-04-02T15:10:31Z,35480,,
429,773461548,773461199,Lmmnhn,4599174.0,2017-04-02T15:13:11Z,35448,,
430,773464515,773461548,Lmmnhn,4599174.0,2017-04-02T15:38:21Z,35548,,
431,773467205,773464515,Sirlanz,4714987.0,2017-04-02T15:59:43Z,35548,,
432,773468084,773467205,Sirlanz,4714987.0,2017-04-02T16:05:19Z,35556,,
433,773468488,773468084,Sirlanz,4714987.0,2017-04-02T16:08:20Z,35041,,
434,773469272,773468488,GiantSnowman,1005449.0,2017-04-02T16:15:18Z,35039,,
435,773469562,773469272,Citobun,19212093.0,2017-04-02T16:17:27Z,35269,,
436,773470284,773469562,Citobun,19212093.0,2017-04-02T16:23:19Z,35109,,
437,773499629,773470284,2601:445:8080:2E81:F0E2:53A2:A7BB:22B7,0.0,2017-04-02T20:05:29Z,35117,True,
438,773500141,773499629,Kablammo,1432370.0,2017-04-02T20:09:13Z,35109,,
439,773528588,773500141,Kim Leung,30756368.0,2017-04-02T23:55:56Z,35116,,
440,773528761,773528588,Kim Leung,30756368.0,2017-04-02T23:57:14Z,35138,,
441,773528860,773528761,Kim Leung,30756368.0,2017-04-02T23:58:07Z,35144,,
442,773531087,773528860,Sirlanz,4714987.0,2017-04-03T00:13:20Z,35579,,
443,773559178,773531087,Prodigyhk,3695730.0,2017-04-03T04:22:59Z,35547,,
444,773579754,773559178,182.239.107.103,0.0,2017-04-03T08:00:07Z,35649,True,
445,773580229,773579754,Sirlanz,4714987.0,2017-04-03T08:06:09Z,35547,,
446,773599806,773580229,Stomatapoll,17587100.0,2017-04-03T11:08:26Z,35843,,
447,773705987,773599806,Lmmnhn,4599174.0,2017-04-03T22:07:02Z,35809,,
448,773718306,773705987,Lmmnhn,4599174.0,2017-04-03T23:53:13Z,35805,,
449,773718338,773718306,Lmmnhn,4599174.0,2017-04-03T23:53:26Z,35803,,
450,773718475,773718338,Lmmnhn,4599174.0,2017-04-03T23:54:25Z,35799,,
451,774320981,773718475,2606:A000:4B8F:9B00:FDFA:CFFA:5CEB:942F,0.0,2017-04-07T17:32:22Z,35803,True,
452,774569413,774320981,Stomatapoll,17587100.0,2017-04-09T09:38:15Z,35799,,
453,774842800,774569413,Lmmnhn,4599174.0,2017-04-11T00:22:59Z,35803,,
454,777427177,774842800,Allansnackbar,28690564.0,2017-04-27T03:10:13Z,35773,,
455,777464556,777427177,223.197.153.206,0.0,2017-04-27T09:30:19Z,35956,True,
456,779998684,777464556,1.64.119.81,0.0,2017-05-12T09:16:39Z,35949,True,
457,780000357,779998684,Citobun,19212093.0,2017-05-12T09:35:22Z,35956,,
458,780173755,780000357,Ken987654156,17913646.0,2017-05-13T13:30:32Z,35989,,
459,781662719,780173755,Lmmnhn,4599174.0,2017-05-22T14:54:34Z,35993,,
460,782622871,781662719,2606:A000:4B91:A00:8D59:9AD9:4C2:6FB4,0.0,2017-05-28T03:22:17Z,36013,True,
461,783830811,782622871,Look2See1,11406674.0,2017-06-04T23:01:53Z,36180,,
462,784123347,783830811,101.164.92.148,0.0,2017-06-06T15:57:19Z,36171,True,
463,784123483,784123347,MassiveYR,29669417.0,2017-06-06T15:58:08Z,36180,,
464,784156446,784123483,JLo-Watson,31141063.0,2017-06-06T19:53:13Z,36201,,
465,784156630,784156446,JLo-Watson,31141063.0,2017-06-06T19:54:31Z,36204,,
466,785057978,784156630,123.202.41.170,0.0,2017-06-11T11:56:45Z,36212,True,
467,785542622,785057978,118.143.145.229,0.0,2017-06-14T03:28:34Z,36208,True,
468,785542706,785542622,118.143.145.231,0.0,2017-06-14T03:29:35Z,36207,True,
469,785542887,785542706,KH-1,21857263.0,2017-06-14T03:31:42Z,36212,,
470,785542938,785542887,118.143.145.229,0.0,2017-06-14T03:32:15Z,36217,True,
471,785542954,785542938,KH-1,21857263.0,2017-06-14T03:32:30Z,36212,,
472,786061214,785542954,Thomson02,31196026.0,2017-06-17T01:05:19Z,36222,,
473,786749293,786061214,193.108.73.47,0.0,2017-06-21T11:27:51Z,36221,True,
474,786817600,786749293,Lmmnhn,4599174.0,2017-06-21T19:32:01Z,36215,,
475,788235121,786817600,70.68.220.25,0.0,2017-06-30T08:22:56Z,36207,True,
476,788288505,788235121,Manchiu,10004788.0,2017-06-30T16:04:32Z,36188,,
477,788288755,788288505,Manchiu,10004788.0,2017-06-30T16:06:24Z,36191,,
478,788364859,788288755,Thomson02,31196026.0,2017-07-01T00:52:59Z,36195,,
479,788371196,788364859,104.174.121.214,0.0,2017-07-01T01:29:13Z,36160,True,
480,788393451,788371196,112.215.65.144,0.0,2017-07-01T04:13:04Z,36143,True,
481,788416648,788393451,Johnng96,31425275.0,2017-07-01T08:01:39Z,36121,,
482,788417005,788416648,Pam-javelin,25380827.0,2017-07-01T08:04:54Z,36122,,
483,788433516,788417005,JLo-Watson,31141063.0,2017-07-01T10:40:32Z,36128,,
484,788447635,788433516,Thomson02,31196026.0,2017-07-01T12:51:35Z,36122,,
485,788448290,788447635,JLo-Watson,31141063.0,2017-07-01T12:56:54Z,36128,,
486,788472422,788448290,Thusinhviet,26301369.0,2017-07-01T16:12:32Z,36128,,
487,788487385,788472422,JLo-Watson,31141063.0,2017-07-01T18:12:34Z,36018,,
488,788493569,788487385,Lmmnhn,4599174.0,2017-07-01T19:00:45Z,36012,,
489,788512783,788493569,JLo-Watson,31141063.0,2017-07-01T21:19:45Z,36018,,
490,788575245,788512783,Meow,1010519.0,2017-07-02T05:55:23Z,36018,,
491,788576892,788575245,Lmmnhn,4599174.0,2017-07-02T06:14:50Z,36012,,
492,788743867,788576892,112.207.199.128,0.0,2017-07-03T06:43:37Z,36037,True,
493,788746096,788743867,Lmmnhn,4599174.0,2017-07-03T07:13:22Z,36047,,
494,788778707,788746096,Elhk2047,29245067.0,2017-07-03T12:43:51Z,36071,,
495,788837102,788778707,Lmmnhn,4599174.0,2017-07-03T19:40:03Z,36047,,
496,788837698,788837102,Lmmnhn,4599174.0,2017-07-03T19:44:27Z,36618,,
497,788837728,788837698,Lmmnhn,4599174.0,2017-07-03T19:44:49Z,36618,,
498,788959935,788837728,Onel5969,10951369.0,2017-07-04T14:04:18Z,36631,,
499,789073372,788959935,Shwangtianyuan,16343290.0,2017-07-05T05:22:00Z,36686,,
500,789080063,789073372,124.6.183.12,0.0,2017-07-05T06:34:23Z,36720,True,
501,789327336,789080063,QBear,25922990.0,2017-07-06T18:48:58Z,36662,,
502,789786170,789327336,Elhk2047,29245067.0,2017-07-09T15:22:26Z,36705,,
503,789787465,789786170,36.234.30.78,0.0,2017-07-09T15:33:33Z,36662,True,
504,789915346,789787465,203.145.95.217,0.0,2017-07-10T12:47:44Z,36682,True,
505,789915396,789915346,203.145.95.217,0.0,2017-07-10T12:48:08Z,36681,True,
506,790066046,789915396,119.236.34.5,0.0,2017-07-11T11:20:32Z,36710,True,
507,790066151,790066046,119.236.34.5,0.0,2017-07-11T11:21:49Z,36706,True,
508,790066414,790066151,119.236.34.5,0.0,2017-07-11T11:24:43Z,36765,True,
509,790067397,790066414,119.236.34.5,0.0,2017-07-11T11:35:32Z,36773,True,
510,790067445,790067397,119.236.34.5,0.0,2017-07-11T11:36:21Z,36777,True,
511,790084361,790067445,Lmmnhn,4599174.0,2017-07-11T14:15:38Z,36765,,
512,790084423,790084361,Lmmnhn,4599174.0,2017-07-11T14:16:11Z,36716,,
513,790084506,790084423,Lmmnhn,4599174.0,2017-07-11T14:16:56Z,36681,,
514,790168970,790084506,203.145.94.33,0.0,2017-07-12T00:51:46Z,36690,True,
515,790266484,790168970,Elhk2047,29245067.0,2017-07-12T16:44:40Z,36733,,
516,790318641,790266484,Zanhe,10400497.0,2017-07-12T23:37:38Z,36739,,
517,790363030,790318641,Lmmnhn,4599174.0,2017-07-13T07:50:04Z,36592,,
518,790363551,790363030,Lmmnhn,4599174.0,2017-07-13T07:56:12Z,36549,,
519,790364086,790363551,Lmmnhn,4599174.0,2017-07-13T08:03:15Z,36508,,
520,790364108,790364086,Lmmnhn,4599174.0,2017-07-13T08:03:32Z,36502,,
521,790369767,790364108,Elhk2047,29245067.0,2017-07-13T09:12:02Z,36545,,
522,790389226,790369767,Lmmnhn,4599174.0,2017-07-13T12:43:16Z,36502,,
523,790398561,790389226,Elhk2047,29245067.0,2017-07-13T14:08:51Z,36545,,
524,790409907,790398561,Loopy30,19691760.0,2017-07-13T15:42:18Z,36546,,
525,790434091,790409907,STSC,1732781.0,2017-07-13T18:45:23Z,36428,,
526,790434261,790434091,STSC,1732781.0,2017-07-13T18:46:32Z,36443,,
527,790488291,790434261,Elhk2047,29245067.0,2017-07-14T01:59:25Z,36474,,
528,790505302,790488291,STSC,1732781.0,2017-07-14T04:49:38Z,36443,,
529,790675890,790505302,124.217.189.202,0.0,2017-07-15T09:36:01Z,36447,True,
530,792251884,790675890,182.239.122.58,0.0,2017-07-25T12:29:17Z,36447,True,
531,792418103,792251884,JLo-Watson,31141063.0,2017-07-26T11:56:06Z,36447,,
532,793493093,792418103,Lmmnhn,4599174.0,2017-08-02T02:46:56Z,36597,,
533,793494109,793493093,Lmmnhn,4599174.0,2017-08-02T02:57:36Z,36567,,
534,793664809,793494109,Lacypaperclip,31312863.0,2017-08-03T05:59:41Z,36538,,
535,793994416,793664809,112.120.1.94,0.0,2017-08-05T04:40:31Z,36700,True,
536,794901980,793994416,LilHelpa,8024439.0,2017-08-10T18:49:21Z,36694,,
537,801759571,794901980,Ser Amantio di Nicolao,753665.0,2017-09-21T17:38:05Z,36698,,
538,801964308,801759571,Cidician,17082708.0,2017-09-23T02:19:42Z,36678,,
539,802419360,801964308,202.64.17.4,0.0,2017-09-26T01:45:32Z,37238,True,
540,804449263,802419360,203.198.79.237,0.0,2017-10-09T02:12:06Z,37236,True,
541,804449598,804449263,203.198.79.237,0.0,2017-10-09T02:14:56Z,37219,True,
542,804449716,804449598,203.198.79.237,0.0,2017-10-09T02:16:04Z,0,True,
543,804449731,804449716,ClueBot NG,13286072.0,2017-10-09T02:16:14Z,37238,,
544,804870313,804449731,Citobun,19212093.0,2017-10-11T16:49:20Z,37232,,
545,805574078,804870313,2001:569:782B:5F00:2818:8C0E:4ABA:3A0E,0.0,2017-10-16T08:01:37Z,37233,True,
546,805583999,805574078,Jim1138,7695475.0,2017-10-16T09:57:21Z,37232,,
547,806165161,805583999,124.217.188.177,0.0,2017-10-20T03:44:36Z,37251,True,
548,806611446,806165161,203.198.79.237,0.0,2017-10-23T02:41:56Z,37241,True,
549,806613120,806611446,Jim1138,7695475.0,2017-10-23T02:58:31Z,37251,,
550,807672283,806613120,Lmmnhn,4599174.0,2017-10-29T13:04:41Z,37792,,
551,808524817,807672283,Chrism,26670.0,2017-11-03T11:14:15Z,37793,,
552,808778260,808524817,Lmmnhn,4599174.0,2017-11-05T02:57:32Z,37749,,
553,811231789,808778260,Lmmnhn,4599174.0,2017-11-20T09:14:05Z,34514,,
554,811231934,811231789,Lmmnhn,4599174.0,2017-11-20T09:15:43Z,32929,,
555,818381541,811231934,Phuc-you Dick,32763901.0,2018-01-03T06:08:22Z,32929,,
556,818381643,818381541,Meters,3632083.0,2018-01-03T06:09:18Z,32929,,
557,826641269,818381643,Yeungkahchun,33023494.0,2018-02-20T06:44:50Z,33001,,
558,826644558,826641269,Citobun,19212093.0,2018-02-20T07:21:34Z,32929,,
559,826660544,826644558,2001:E68:5419:6C38:1CA2:6E9F:FBF0:9F54,0.0,2018-02-20T10:04:41Z,32906,True,
560,826660670,826660544,Citobun,19212093.0,2018-02-20T10:06:14Z,32929,,
561,831908570,826660670,Lmmnhn,4599174.0,2018-03-22T19:44:50Z,36287,,
562,831913468,831908570,Lmmnhn,4599174.0,2018-03-22T20:12:49Z,36275,,
563,831949288,831913468,Sirlanz,4714987.0,2018-03-22T23:57:34Z,35078,,
564,831950160,831949288,Sirlanz,4714987.0,2018-03-23T00:02:46Z,34264,,
565,832048133,831950160,Lmmnhn,4599174.0,2018-03-23T14:38:51Z,36275,,
566,832121567,832048133,Sirlanz,4714987.0,2018-03-23T23:45:28Z,35391,,
567,832122157,832121567,Sirlanz,4714987.0,2018-03-23T23:50:55Z,34194,,
568,832150828,832122157,Lmmnhn,4599174.0,2018-03-24T03:39:05Z,36275,,
569,832178120,832150828,Lmmnhn,4599174.0,2018-03-24T09:29:06Z,36529,,
570,832178921,832178120,Lmmnhn,4599174.0,2018-03-24T09:39:28Z,37488,,
571,832181787,832178921,Lmmnhn,4599174.0,2018-03-24T10:07:32Z,38326,,
572,833424170,832181787,194.171.227.73,0.0,2018-03-31T13:08:39Z,38334,True,
573,835192931,833424170,DoctorHell,5023119.0,2018-04-07T04:03:04Z,38338,,
574,836315780,835192931,BlackYeti,33466776.0,2018-04-14T00:26:48Z,38288,,
575,836315808,836315780,BlackYeti,33466776.0,2018-04-14T00:27:02Z,38287,,
576,836316718,836315808,184.163.104.121,0.0,2018-04-14T00:35:53Z,38278,True,
577,836317036,836316718,BlackYeti,33466776.0,2018-04-14T00:38:43Z,38315,,
578,836317474,836317036,BlackYeti,33466776.0,2018-04-14T00:43:48Z,38331,,
579,836317604,836317474,BlackYeti,33466776.0,2018-04-14T00:45:17Z,38332,,
580,836317655,836317604,BlackYeti,33466776.0,2018-04-14T00:45:55Z,38328,,
581,836317772,836317655,BlackYeti,33466776.0,2018-04-14T00:47:24Z,38332,,
582,836317989,836317772,BlackYeti,33466776.0,2018-04-14T00:49:41Z,38336,,
583,836318042,836317989,BlackYeti,33466776.0,2018-04-14T00:50:13Z,38332,,
584,836318786,836318042,BlackYeti,33466776.0,2018-04-14T00:58:23Z,38329,,
585,836318825,836318786,BlackYeti,33466776.0,2018-04-14T00:58:54Z,38334,,
586,836318857,836318825,BlackYeti,33466776.0,2018-04-14T00:59:20Z,38340,,
587,836318912,836318857,BlackYeti,33466776.0,2018-04-14T01:00:02Z,38344,,
588,836320562,836318912,BlackYeti,33466776.0,2018-04-14T01:19:41Z,39115,,
589,836320898,836320562,BlackYeti,33466776.0,2018-04-14T01:23:34Z,39125,,
590,836320950,836320898,BlackYeti,33466776.0,2018-04-14T01:24:05Z,39139,,
591,836321236,836320950,BlackYeti,33466776.0,2018-04-14T01:27:01Z,39196,,
592,836321660,836321236,BlackYeti,33466776.0,2018-04-14T01:31:28Z,39188,,
593,836493570,836321660,2404:C800:A000:2040:4D0F:8528:EC76:B96A,0.0,2018-04-15T03:30:17Z,39279,True,
594,836676105,836493570,BlackYeti,33466776.0,2018-04-16T05:42:28Z,39188,,
595,836676260,836676105,BlackYeti,33466776.0,2018-04-16T05:43:40Z,39188,,
596,836853877,836676260,218.255.224.14,0.0,2018-04-17T06:49:07Z,39186,True,
597,836959619,836853877,58.163.134.55,0.0,2018-04-17T21:39:43Z,39194,True,
598,838502157,836959619,182.239.119.198,0.0,2018-04-27T12:39:24Z,39164,True,
599,838514349,838502157,Citobun,19212093.0,2018-04-27T14:15:15Z,39194,,
600,838640430,838514349,203.80.70.122,0.0,2018-04-28T09:15:32Z,39285,True,
601,840772685,838640430,194.171.227.73,0.0,2018-05-12T02:10:09Z,39303,True,
602,840772743,840772685,194.171.227.73,0.0,2018-05-12T02:10:29Z,39301,True,
603,842406937,840772743,219.76.24.128,0.0,2018-05-22T07:30:17Z,39739,True,
604,842823242,842406937,0211 SKDGAKUCHO,30335782.0,2018-05-24T22:30:39Z,40016,,
605,843938723,842823242,Glide08,26350496.0,2018-06-01T13:51:24Z,40074,,
606,844441147,843938723,Zanhe,10400497.0,2018-06-04T23:06:04Z,40016,,
607,844690040,844441147,69.172.198.205,0.0,2018-06-06T13:38:34Z,40053,True,
608,844690434,844690040,69.172.198.205,0.0,2018-06-06T13:41:54Z,40016,True,
609,848892614,844690434,219.78.107.2,0.0,2018-07-05T02:27:59Z,40348,True,
610,849998022,848892614,UGANDAN KNUCKLES REALLY KNO DA WAE,34191353.0,2018-07-12T21:29:01Z,40386,,
611,849998032,849998022,ClueBot NG,13286072.0,2018-07-12T21:29:05Z,40348,,
612,851143657,849998032,Lmmnhn,4599174.0,2018-07-20T10:56:43Z,40016,,
613,851267619,851143657,Lmmnhn,4599174.0,2018-07-21T04:50:58Z,39739,,
614,851712998,851267619,184.163.104.121,0.0,2018-07-24T03:28:00Z,39767,True,
615,854219034,851712998,Lmmnhn,4599174.0,2018-08-09T19:22:01Z,39846,,
616,854219078,854219034,Lmmnhn,4599174.0,2018-08-09T19:22:28Z,39842,,
617,855149134,854219078,Yeungkahchun,33023494.0,2018-08-16T08:09:11Z,39850,,
618,855471300,855149134,NYKTNE,23666568.0,2018-08-18T15:08:48Z,39829,,
619,855716672,855471300,NYKTNE,23666568.0,2018-08-20T10:21:20Z,40067,,
620,855822977,855716672,Lmmnhn,4599174.0,2018-08-21T02:42:20Z,39842,,
621,856108624,855822977,Yeungkahchun,33023494.0,2018-08-22T22:57:13Z,39850,,
622,856148919,856108624,Citobun,19212093.0,2018-08-23T06:18:33Z,39822,,
623,861138023,856148919,Marxistfounder,17955628.0,2018-09-25T11:04:01Z,39682,,
624,861138057,861138023,Marxistfounder,17955628.0,2018-09-25T11:04:27Z,39845,,
625,861138080,861138057,Marxistfounder,17955628.0,2018-09-25T11:04:40Z,39828,,
626,861269829,861138080,Lmmnhn,4599174.0,2018-09-26T07:30:59Z,39734,,
627,861407809,861269829,Ser Amantio di Nicolao,753665.0,2018-09-27T05:41:07Z,39750,,
628,863465831,861407809,Yeungkahchun,33023494.0,2018-10-10T23:16:20Z,39807,,
629,863886624,863465831,Lmmnhn,4599174.0,2018-10-13T18:33:11Z,40555,,
630,869877788,863886624,Spongebob chip,34678208.0,2018-11-20T23:24:31Z,40556,,
631,870113761,869877788,219.73.61.252,0.0,2018-11-22T13:44:22Z,40548,True,
632,870113804,870113761,Girth Summit,6225634.0,2018-11-22T13:44:50Z,40556,,
633,870844297,870113804,14.0.164.177,0.0,2018-11-27T10:24:59Z,40584,True,
634,870844308,870844297,ClueBot NG,13286072.0,2018-11-27T10:25:05Z,40556,,
635,873666245,870844308,138.19.43.235,0.0,2018-12-14T10:26:27Z,39864,True,
636,873666412,873666245,Girth Summit,6225634.0,2018-12-14T10:28:39Z,40556,,
637,877988398,873666412,124.217.189.6,0.0,2019-01-12T06:04:27Z,40562,True,
638,877994267,877988398,Lmmnhn,4599174.0,2019-01-12T07:25:11Z,40569,,
639,877994722,877994267,Lmmnhn,4599174.0,2019-01-12T07:33:38Z,41744,,
640,878107900,877994722,203.185.30.107,0.0,2019-01-13T02:16:01Z,41744,True,
641,878107968,878107900,203.185.30.107,0.0,2019-01-13T02:16:38Z,41744,True,
642,878579574,878107968,Aceus0shrifter,35347260.0,2019-01-15T17:44:27Z,41766,,
643,878766006,878579574,Lmmnhn,4599174.0,2019-01-16T20:13:28Z,41790,,
644,880793039,878766006,Lmmnhn,4599174.0,2019-01-29T14:44:54Z,46073,,
645,880793154,880793039,Lmmnhn,4599174.0,2019-01-29T14:45:39Z,46058,,
646,880793447,880793154,Lmmnhn,4599174.0,2019-01-29T14:47:44Z,46091,,
647,880793504,880793447,Lmmnhn,4599174.0,2019-01-29T14:48:12Z,46091,,
648,880836746,880793504,Lmmnhn,4599174.0,2019-01-29T19:49:38Z,45894,,
649,880838534,880836746,Lmmnhn,4599174.0,2019-01-29T20:02:10Z,46705,,
650,880838609,880838534,Lmmnhn,4599174.0,2019-01-29T20:02:45Z,46730,,
651,880839044,880838609,Lmmnhn,4599174.0,2019-01-29T20:05:58Z,46959,,
652,880839669,880839044,Lmmnhn,4599174.0,2019-01-29T20:10:12Z,46970,,
653,880841806,880839669,Lmmnhn,4599174.0,2019-01-29T20:24:41Z,46996,,
654,881151146,880841806,Rodw,125972.0,2019-01-31T19:41:40Z,47008,,
655,881282821,881151146,Hayman30,22783192.0,2019-02-01T15:34:14Z,33594,,
656,881283150,881282821,Hayman30,22783192.0,2019-02-01T15:36:57Z,33631,,
657,881283245,881283150,Jayron32,1623918.0,2019-02-01T15:37:44Z,47045,,
658,882504235,881283245,Lmmnhn,4599174.0,2019-02-09T15:51:27Z,47008,,
659,882961913,882504235,Risto hot sir,28565534.0,2019-02-12T12:31:46Z,47022,,
660,884187296,882961913,Yeungkahchun,33023494.0,2019-02-20T02:19:10Z,47059,,
661,885933011,884187296,NYKTNE,23666568.0,2019-03-03T07:28:34Z,47096,,
662,889326304,885933011,89.164.244.243,0.0,2019-03-25T00:04:50Z,47125,True,
663,891834239,889326304,Hoising,2864272.0,2019-04-10T13:06:07Z,47191,,
664,892387541,891834239,LJK0518,36321945.0,2019-04-14T05:47:39Z,47215,,
665,892392327,892387541,Mean as custard,10962546.0,2019-04-14T06:49:13Z,47191,,
666,892437296,892392327,61.92.235.212,0.0,2019-04-14T14:42:38Z,47191,True,
667,892437401,892437296,61.92.235.212,0.0,2019-04-14T14:43:25Z,47191,True,
668,892437593,892437401,61.92.235.212,0.0,2019-04-14T14:44:54Z,45308,True,
669,892437781,892437593,S0091,35056011.0,2019-04-14T14:46:28Z,47191,,
670,892870033,892437781,182.239.122.5,0.0,2019-04-17T12:05:57Z,47216,True,
671,892871299,892870033,Citobun,19212093.0,2019-04-17T12:14:04Z,47191,,
672,893063080,892871299,112.120.132.73,0.0,2019-04-18T18:47:56Z,47212,True,
673,893063208,893063080,112.120.132.73,0.0,2019-04-18T18:48:58Z,47213,True,
674,893063371,893063208,112.120.132.73,0.0,2019-04-18T18:50:18Z,47236,True,
675,893063697,893063371,182.239.89.234,0.0,2019-04-18T18:53:26Z,47279,True,
676,893064111,893063697,182.239.89.234,0.0,2019-04-18T18:57:19Z,47258,True,
677,893110552,893064111,Johnuniq,6036800.0,2019-04-19T02:25:52Z,47236,,
678,893110638,893110552,Johnuniq,6036800.0,2019-04-19T02:26:37Z,47191,,
679,893573825,893110638,Squirist,35291473.0,2019-04-22T09:07:06Z,47194,,
680,894673944,893573825,Lmmnhn,4599174.0,2019-04-29T09:25:58Z,51602,,
681,895000316,894673944,Lmmnhn,4599174.0,2019-05-01T11:06:18Z,51712,,
682,896017849,895000316,Lmmnhn,4599174.0,2019-05-07T23:06:19Z,51700,,
683,896018559,896017849,Lmmnhn,4599174.0,2019-05-07T23:14:18Z,52176,,
684,896022329,896018559,Lmmnhn,4599174.0,2019-05-07T23:54:36Z,52181,,
685,896743501,896022329,Henrychik,26840001.0,2019-05-12T16:01:49Z,52223,,
686,896921184,896743501,Lmmnhn,4599174.0,2019-05-13T17:35:15Z,53173,,
687,896921708,896921184,Lmmnhn,4599174.0,2019-05-13T17:39:17Z,53173,,
688,897027200,896921708,Lmmnhn,4599174.0,2019-05-14T09:57:41Z,53149,,
689,898082840,897027200,118.143.147.205,0.0,2019-05-21T08:18:45Z,53141,True,
690,898371030,898082840,Lmmnhn,4599174.0,2019-05-23T03:47:39Z,53149,,
691,898830491,898371030,Lmmnhn,4599174.0,2019-05-26T05:00:32Z,56991,,
692,898831031,898830491,Lmmnhn,4599174.0,2019-05-26T05:07:24Z,57055,,
693,898841646,898831031,Lmmnhn,4599174.0,2019-05-26T07:31:48Z,57051,,
694,898842689,898841646,Lmmnhn,4599174.0,2019-05-26T07:44:56Z,58171,,
695,899172363,898842689,Lmmnhn,4599174.0,2019-05-28T09:48:06Z,58194,,
696,899236814,899172363,Lmmnhn,4599174.0,2019-05-28T18:32:30Z,58193,,
697,899263594,899236814,113.253.68.252,0.0,2019-05-28T21:53:49Z,58814,True,
698,899443699,899263594,Lmmnhn,4599174.0,2019-05-30T02:44:15Z,59636,,
699,899443766,899443699,Lmmnhn,4599174.0,2019-05-30T02:44:51Z,59641,,
700,899444023,899443766,Lmmnhn,4599174.0,2019-05-30T02:47:46Z,59650,,
701,899444121,899444023,Lmmnhn,4599174.0,2019-05-30T02:48:52Z,59648,,
702,899444145,899444121,Lmmnhn,4599174.0,2019-05-30T02:49:06Z,59647,,
703,899500130,899444145,Lmmnhn,4599174.0,2019-05-30T13:33:31Z,60530,,
704,901097443,899500130,50.78.75.149,0.0,2019-06-09T17:51:15Z,60552,True,
705,901130893,901097443,Koavf,205121.0,2019-06-09T22:16:17Z,60603,,
706,901146943,901130893,Yeungkahchun,33023494.0,2019-06-10T00:28:47Z,60627,,
707,901147112,901146943,Yeungkahchun,33023494.0,2019-06-10T00:30:05Z,60627,,
708,901161378,901147112,Lmmnhn,4599174.0,2019-06-10T02:31:03Z,60435,,
709,901211934,901161378,Lmmnhn,4599174.0,2019-06-10T11:27:58Z,60462,,
710,901243917,901211934,113.253.68.252,0.0,2019-06-10T16:08:13Z,61084,True,
711,901251858,901243917,HKisland,36711694.0,2019-06-10T17:11:17Z,61085,,
712,901253845,901251858,HKisland,36711694.0,2019-06-10T17:24:19Z,61067,,
713,901255013,901253845,HKisland,36711694.0,2019-06-10T17:32:44Z,61053,,
714,901262121,901255013,Lmmnhn,4599174.0,2019-06-10T18:26:47Z,62070,,
715,901262736,901262121,Lmmnhn,4599174.0,2019-06-10T18:31:02Z,62078,,
716,901262896,901262736,Lmmnhn,4599174.0,2019-06-10T18:32:17Z,62485,,
717,901263539,901262896,Lmmnhn,4599174.0,2019-06-10T18:37:22Z,60690,,
718,901264231,901263539,Lmmnhn,4599174.0,2019-06-10T18:42:38Z,60708,,
719,901264984,901264231,Lmmnhn,4599174.0,2019-06-10T18:49:00Z,61903,,
720,901268223,901264984,Lmmnhn,4599174.0,2019-06-10T19:16:55Z,61913,,
721,901268296,901268223,2001:4898:80E8:0:58BE:891F:2358:290E,0.0,2019-06-10T19:17:25Z,61918,True,
722,901268307,901268296,Lmmnhn,4599174.0,2019-06-10T19:17:30Z,61939,,
723,901268423,901268307,Lmmnhn,4599174.0,2019-06-10T19:18:23Z,61946,,
724,901268556,901268423,Lmmnhn,4599174.0,2019-06-10T19:19:28Z,61924,,
725,901268667,901268556,Lmmnhn,4599174.0,2019-06-10T19:20:28Z,61920,,
726,901271166,901268667,AnomieBOT,7611264.0,2019-06-10T19:40:05Z,62269,,
727,901271493,901271166,Lmmnhn,4599174.0,2019-06-10T19:42:55Z,62261,,
728,901272313,901271493,Lmmnhn,4599174.0,2019-06-10T19:49:58Z,62262,,
729,901273083,901272313,Lmmnhn,4599174.0,2019-06-10T19:56:08Z,62209,,
730,901273876,901273083,Lmmnhn,4599174.0,2019-06-10T20:02:59Z,62210,,
731,901278096,901273876,1.36.215.13,0.0,2019-06-10T20:39:09Z,62213,True,
732,901281230,901278096,209.6.115.10,0.0,2019-06-10T21:03:13Z,62219,True,
733,901286247,901281230,Yeungkahchun,33023494.0,2019-06-10T21:47:55Z,62284,,
734,901286752,901286247,Yeungkahchun,33023494.0,2019-06-10T21:52:35Z,62337,,
735,901355308,901286752,Flix11,14639338.0,2019-06-11T10:18:21Z,62339,,
736,901396791,901355308,Arjayay,5718152.0,2019-06-11T16:09:05Z,62335,,
737,901512727,901396791,220.246.146.128,0.0,2019-06-12T11:35:02Z,62352,True,
738,901512806,901512727,220.246.146.128,0.0,2019-06-12T11:35:58Z,62335,True,
739,901537476,901512806,43.249.36.79,0.0,2019-06-12T15:15:25Z,62344,True,
740,901546397,901537476,176.14.83.110,0.0,2019-06-12T16:30:09Z,62511,True,
741,901546529,901546397,CLCStudent,26398660.0,2019-06-12T16:31:08Z,62344,,
742,901560799,901546529,Meeepmep,30276420.0,2019-06-12T18:34:16Z,62303,,
743,901562936,901560799,Meeepmep,30276420.0,2019-06-12T18:52:01Z,62281,,
744,901563079,901562936,Meeepmep,30276420.0,2019-06-12T18:53:37Z,62295,,
745,901563234,901563079,Meeepmep,30276420.0,2019-06-12T18:54:52Z,62291,,
746,901564277,901563234,Meeepmep,30276420.0,2019-06-12T19:03:33Z,62288,,
747,901564606,901564277,Meeepmep,30276420.0,2019-06-12T19:06:38Z,62242,,
748,901564818,901564606,Meeepmep,30276420.0,2019-06-12T19:08:34Z,62261,,
749,901565476,901564818,Meeepmep,30276420.0,2019-06-12T19:13:20Z,62256,,
750,901573098,901565476,HansJohan808,36549330.0,2019-06-12T20:11:59Z,62325,,
751,901574095,901573098,Jaywubba1887,817684.0,2019-06-12T20:20:37Z,62326,,
752,901577893,901574095,HansJohan808,36549330.0,2019-06-12T20:53:57Z,62316,,
753,901582365,901577893,HansJohan808,36549330.0,2019-06-12T21:34:21Z,62312,,
754,901582398,901582365,HansJohan808,36549330.0,2019-06-12T21:34:38Z,62316,,
755,901598976,901582398,HansJohan808,36549330.0,2019-06-13T00:27:20Z,62315,,
756,901607185,901598976,Skyba,17301952.0,2019-06-13T02:04:11Z,62314,,
757,901607221,901607185,Skyba,17301952.0,2019-06-13T02:04:35Z,62315,,
758,901610366,901607221,ILoveDingDong,36729917.0,2019-06-13T02:44:40Z,62319,,
759,901610418,901610366,ILoveDingDong,36729917.0,2019-06-13T02:45:11Z,62315,,
760,901612984,901610418,2607:FEA8:E380:2CE:5DBD:8645:77C4:EB75,0.0,2019-06-13T03:15:46Z,62333,True,
761,901613744,901612984,220.147.39.109,0.0,2019-06-13T03:23:38Z,62315,True,
762,901614517,901613744,Temptlyon,36725540.0,2019-06-13T03:33:22Z,62310,,
763,901615090,901614517,2607:FEA8:E380:2CE:5DBD:8645:77C4:EB75,0.0,2019-06-13T03:40:21Z,62325,True,
764,901618893,901615090,128.14.159.170,0.0,2019-06-13T04:27:39Z,62310,True,
765,901628061,901618893,2605:E000:1701:863B:340E:46AC:7F61:A4A4,0.0,2019-06-13T06:20:57Z,62321,True,
766,901638470,901628061,Xxhumansquidxx,32301716.0,2019-06-13T08:24:40Z,62375,,
767,901638968,901638470,Xxhumansquidxx,32301716.0,2019-06-13T08:32:13Z,62384,,
768,901640429,901638968,Citobun,19212093.0,2019-06-13T08:51:07Z,62310,,
769,901641027,901640429,Advanced2304,31707713.0,2019-06-13T08:57:53Z,61942,,
770,901641516,901641027,2001:8003:D1DE:1C01:F1BD:93B2:C6E2:E20F,0.0,2019-06-13T09:03:48Z,61759,True,
771,901642879,901641516,Advanced2304,31707713.0,2019-06-13T09:23:20Z,61942,,
772,901642980,901642879,Advanced2304,31707713.0,2019-06-13T09:24:38Z,61943,,
773,901643038,901642980,Advanced2304,31707713.0,2019-06-13T09:25:27Z,61951,,
774,901643074,901643038,Shellwood,2366721.0,2019-06-13T09:25:48Z,61759,,
775,901645659,901643074,Citobun,19212093.0,2019-06-13T09:56:06Z,62310,,
776,901674392,901645659,2A02:810A:8A80:4CD8:8C86:C646:60D6:3FBC,0.0,2019-06-13T14:10:48Z,62306,True,
777,901712942,901674392,82.254.103.231,0.0,2019-06-13T19:29:43Z,62312,True,
778,901743938,901712942,KFK2019,36736311.0,2019-06-14T00:13:11Z,63159,,
779,901744171,901743938,KFK2019,36736311.0,2019-06-14T00:16:02Z,63177,,
780,901744290,901744171,KFK2019,36736311.0,2019-06-14T00:17:30Z,63182,,
781,901744532,901744290,KFK2019,36736311.0,2019-06-14T00:19:59Z,63128,,
782,901744707,901744532,MJL,29291527.0,2019-06-14T00:21:51Z,62312,,
783,901776231,901744707,Lmmnhn,4599174.0,2019-06-14T06:02:18Z,63135,,
784,901782167,901776231,Lmmnhn,4599174.0,2019-06-14T07:27:59Z,63135,,
785,901784578,901782167,HansJohan808,36549330.0,2019-06-14T08:00:48Z,63294,,
786,901785901,901784578,Lmmnhn,4599174.0,2019-06-14T08:15:05Z,63606,,
787,901801675,901785901,Xxhumansquidxx,32301716.0,2019-06-14T11:12:14Z,63601,,
788,901801993,901801675,Xxhumansquidxx,32301716.0,2019-06-14T11:14:40Z,63664,,
789,901806794,901801993,154.45.40.82,0.0,2019-06-14T11:53:21Z,63658,True,
790,901807049,901806794,154.45.40.82,0.0,2019-06-14T11:55:28Z,63654,True,
791,901809203,901807049,Skaijie,28208200.0,2019-06-14T12:15:24Z,63607,,
792,901820236,901809203,Meeepmep,30276420.0,2019-06-14T13:49:11Z,63774,,
793,901820643,901820236,Meeepmep,30276420.0,2019-06-14T13:52:52Z,63782,,
794,901821010,901820643,Meeepmep,30276420.0,2019-06-14T13:56:27Z,63933,,
795,901821128,901821010,Meeepmep,30276420.0,2019-06-14T13:57:38Z,63996,,
796,901822340,901821128,Meeepmep,30276420.0,2019-06-14T14:08:34Z,64008,,
797,901822635,901822340,Meeepmep,30276420.0,2019-06-14T14:11:13Z,64011,,
798,901825078,901822635,Meeepmep,30276420.0,2019-06-14T14:32:12Z,63998,,
799,901825521,901825078,Meeepmep,30276420.0,2019-06-14T14:35:48Z,63987,,
800,901826063,901825521,Meeepmep,30276420.0,2019-06-14T14:40:00Z,63892,,
801,901827993,901826063,Meeepmep,30276420.0,2019-06-14T14:54:09Z,63894,,
802,901829128,901827993,Meeepmep,30276420.0,2019-06-14T15:02:27Z,63948,,
803,901836469,901829128,218.252.46.29,0.0,2019-06-14T15:54:22Z,63939,True,
804,901856758,901836469,Lmmnhn,4599174.0,2019-06-14T18:53:46Z,63864,,
805,901856996,901856758,Lmmnhn,4599174.0,2019-06-14T18:55:58Z,63871,,
806,901857484,901856996,Lmmnhn,4599174.0,2019-06-14T19:00:51Z,64058,,
807,901857864,901857484,Lmmnhn,4599174.0,2019-06-14T19:04:07Z,64014,,
808,901858469,901857864,Lmmnhn,4599174.0,2019-06-14T19:09:37Z,64014,,
809,901858601,901858469,Lmmnhn,4599174.0,2019-06-14T19:10:52Z,64014,,
810,901859186,901858601,Lmmnhn,4599174.0,2019-06-14T19:16:18Z,64026,,
811,901930550,901859186,Lmmnhn,4599174.0,2019-06-15T08:32:01Z,64762,,
812,901936949,901930550,Lmmnhn,4599174.0,2019-06-15T09:49:39Z,65030,,
813,901949632,901936949,TomS TDotO,2489164.0,2019-06-15T12:10:02Z,65262,,
814,901953592,901949632,Meeepmep,30276420.0,2019-06-15T12:53:48Z,65263,,
815,901969848,901953592,39.12.170.23,0.0,2019-06-15T15:24:29Z,65276,True,
816,901969887,901969848,39.12.170.23,0.0,2019-06-15T15:24:51Z,65200,True,
817,901969924,901969887,39.12.170.23,0.0,2019-06-15T15:25:15Z,65222,True,
818,901970587,901969924,S0091,35056011.0,2019-06-15T15:31:55Z,65263,,
819,901974814,901970587,Mount2010,25679202.0,2019-06-15T16:13:30Z,65157,,
820,901997354,901974814,TomS TDotO,2489164.0,2019-06-15T19:41:25Z,65195,,
821,902035743,901997354,123.203.192.124,0.0,2019-06-16T02:30:09Z,65536,True,
822,902037673,902035743,2601:645:4100:BE86:25E5:3E96:463F:9658,0.0,2019-06-16T02:53:27Z,65534,True,
823,902037792,902037673,2601:645:4100:BE86:25E5:3E96:463F:9658,0.0,2019-06-16T02:55:09Z,65534,True,
824,902041097,902037792,70.71.188.130,0.0,2019-06-16T03:28:38Z,65535,True,
825,902041841,902041097,Jordanopia,30733947.0,2019-06-16T03:36:25Z,65536,,
826,902042095,902041841,17.234.99.60,0.0,2019-06-16T03:38:55Z,65535,True,
827,902042271,902042095,Sophiajoanne,25757840.0,2019-06-16T03:40:59Z,65536,,
828,902048163,902042271,182.239.119.204,0.0,2019-06-16T04:56:39Z,65616,True,
829,902048397,902048163,S0091,35056011.0,2019-06-16T04:59:08Z,65536,,
830,902063002,902048397,107.77.205.13,0.0,2019-06-16T08:25:38Z,65537,True,
831,902068097,902063002,2001:F90:48E0:77BC:6885:7EAD:268D:915A,0.0,2019-06-16T09:44:07Z,65537,True,
832,902068152,902068097,203.219.163.234,0.0,2019-06-16T09:45:04Z,65537,True,
833,902072040,902068152,TomS TDotO,2489164.0,2019-06-16T10:31:54Z,65540,,
834,902074228,902072040,LiliCharlie,14037616.0,2019-06-16T10:56:29Z,65563,,
835,902078863,902074228,Ckh3111,21887372.0,2019-06-16T11:48:43Z,65617,,
836,902085499,902078863,182.239.119.204,0.0,2019-06-16T12:58:36Z,65632,True,
837,902086019,902085499,182.239.119.204,0.0,2019-06-16T13:03:30Z,65810,True,
838,902087114,902086019,111.65.44.1,0.0,2019-06-16T13:14:02Z,65793,True,
839,902088141,902087114,Jordanopia,30733947.0,2019-06-16T13:23:09Z,65617,,
840,902092750,902088141,Malcolmxl5,4076676.0,2019-06-16T14:11:32Z,65617,,
841,902092757,902092750,Malcolmxl5,4076676.0,2019-06-16T14:11:34Z,65727,,
842,902167853,902092757,Therequiembellishere,1522828.0,2019-06-17T01:47:42Z,65404,,
843,902167995,902167853,Therequiembellishere,1522828.0,2019-06-17T01:49:20Z,65426,,
844,902168174,902167995,Therequiembellishere,1522828.0,2019-06-17T01:50:32Z,65431,,
845,902175928,902168174,Lmmnhn,4599174.0,2019-06-17T03:06:29Z,67968,,
846,902216335,902175928,Mndata,22190807.0,2019-06-17T11:04:24Z,67969,,
847,902216650,902216335,Mndata,22190807.0,2019-06-17T11:07:00Z,67972,,
848,902217833,902216650,Mndata,22190807.0,2019-06-17T11:17:50Z,67976,,
849,902218186,902217833,Mndata,22190807.0,2019-06-17T11:20:57Z,67984,,
850,902225381,902218186,Lmmnhn,4599174.0,2019-06-17T12:28:59Z,67975,,
851,902242965,902225381,TomS TDotO,2489164.0,2019-06-17T14:45:39Z,67995,,
852,902316323,902242965,Meeepmep,30276420.0,2019-06-18T00:32:42Z,68004,,
853,902357511,902316323,Thomas261989,32228041.0,2019-06-18T08:08:58Z,68021,,
854,902393953,902357511,Vycl1994,19014806.0,2019-06-18T14:34:32Z,68056,,
855,902394003,902393953,Vycl1994,19014806.0,2019-06-18T14:34:55Z,67989,,
856,902442707,902394003,Lmmnhn,4599174.0,2019-06-18T21:03:34Z,68008,,
857,902442774,902442707,Lmmnhn,4599174.0,2019-06-18T21:04:04Z,67981,,
858,902443057,902442774,Lmmnhn,4599174.0,2019-06-18T21:06:13Z,68070,,
859,902443420,902443057,Lmmnhn,4599174.0,2019-06-18T21:09:33Z,68060,,
860,902443772,902443420,Lmmnhn,4599174.0,2019-06-18T21:12:58Z,68092,,
861,902443985,902443772,Lmmnhn,4599174.0,2019-06-18T21:14:54Z,68034,,
862,902489578,902443985,Lmmnhn,4599174.0,2019-06-19T05:48:45Z,68034,,
863,902495195,902489578,Lmmnhn,4599174.0,2019-06-19T07:06:49Z,68025,,
864,902512067,902495195,Geographyinitiative,10813903.0,2019-06-19T10:23:23Z,68093,,
865,902529623,902512067,Lmmnhn,4599174.0,2019-06-19T13:15:41Z,68097,,
866,902529768,902529623,Lmmnhn,4599174.0,2019-06-19T13:16:53Z,68020,,
867,902530534,902529768,Lmmnhn,4599174.0,2019-06-19T13:23:16Z,68015,,
868,902544254,902530534,Tibet Nation,35090152.0,2019-06-19T15:12:55Z,68203,,
869,902544515,902544254,Tibet Nation,35090152.0,2019-06-19T15:14:56Z,68203,,
870,902684051,902544515,Anonymous from the 21st century,8430773.0,2019-06-20T14:38:42Z,68205,,
871,902730669,902684051,Geographyinitiative,10813903.0,2019-06-20T21:02:19Z,68274,,
872,902848824,902730669,Lmmnhn,4599174.0,2019-06-21T18:01:06Z,68086,,
873,902848959,902848824,Lmmnhn,4599174.0,2019-06-21T18:02:29Z,68017,,
874,902875782,902848959,Jordanopia,30733947.0,2019-06-21T22:15:34Z,68043,,
875,903146799,902875782,InternetArchiveBot,27015025.0,2019-06-23T21:58:09Z,68214,,
876,903202966,903146799,Hoising,2864272.0,2019-06-24T07:03:33Z,68224,,
877,903406741,903202966,Lmmnhn,4599174.0,2019-06-25T14:28:11Z,68967,,
878,903407311,903406741,Lmmnhn,4599174.0,2019-06-25T14:33:31Z,69184,,
879,903409493,903407311,Lmmnhn,4599174.0,2019-06-25T14:50:48Z,69219,,
880,903409567,903409493,Lmmnhn,4599174.0,2019-06-25T14:51:25Z,69221,,
881,903409653,903409567,Lmmnhn,4599174.0,2019-06-25T14:52:08Z,69221,,
882,903409909,903409653,Lmmnhn,4599174.0,2019-06-25T14:53:52Z,69257,,
883,903536683,903409909,Lmmnhn,4599174.0,2019-06-26T07:42:38Z,69361,,
884,903799421,903536683,Tom.Reding,9784415.0,2019-06-28T01:45:14Z,68343,,
885,904061829,903799421,BrownHairedGirl,754619.0,2019-06-29T18:42:37Z,68339,,
886,904104638,904061829,Ewulp,998182.0,2019-06-30T01:02:41Z,68309,,
887,904391204,904104638,Bunnyson2,16300078.0,2019-07-01T21:11:41Z,68537,,
888,904518075,904391204,KolbertBot,31691822.0,2019-07-02T18:25:31Z,68311,,
889,904931064,904518075,Lmmnhn,4599174.0,2019-07-05T16:17:24Z,68335,,
890,904931222,904931064,Lmmnhn,4599174.0,2019-07-05T16:18:43Z,68110,,
891,904931396,904931222,Lmmnhn,4599174.0,2019-07-05T16:20:06Z,68150,,
892,905489713,904931396,GreenMeansGo,24271879.0,2019-07-09T12:53:51Z,68188,,
893,905489803,905489713,GreenMeansGo,24271879.0,2019-07-09T12:54:36Z,68166,,
894,906532107,905489803,Lmmnhn,4599174.0,2019-07-16T13:16:43Z,68191,,
895,907284189,906532107,14.0.169.27,0.0,2019-07-21T20:44:32Z,68685,True,
896,907285140,907284189,2601:285:302:A255:C101:6876:2795:4927,0.0,2019-07-21T20:50:43Z,68191,True,
897,907335998,907285140,101.78.149.82,0.0,2019-07-22T06:23:48Z,68193,True,
898,907458916,907335998,203.198.126.130,0.0,2019-07-23T01:46:18Z,68186,True,
899,907459047,907458916,203.198.126.130,0.0,2019-07-23T01:47:38Z,68193,True,
900,907496678,907459047,219.76.25.137,0.0,2019-07-23T09:30:39Z,68382,True,
901,907497850,907496678,219.76.25.137,0.0,2019-07-23T09:45:46Z,68488,True,
902,907524944,907497850,2600:387:6:902:0:0:0:4,0.0,2019-07-23T14:06:40Z,68497,True,
903,907525092,907524944,OXYLYPSE,36986459.0,2019-07-23T14:07:59Z,68488,,
904,907525507,907525092,2600:387:6:902:0:0:0:4,0.0,2019-07-23T14:11:31Z,68488,True,
905,907525562,907525507,2600:387:6:902:0:0:0:4,0.0,2019-07-23T14:11:56Z,68494,True,
906,907525656,907525562,2600:387:6:902:0:0:0:4,0.0,2019-07-23T14:12:46Z,68495,True,
907,907525754,907525656,CLCStudent,26398660.0,2019-07-23T14:13:34Z,68488,,
908,907562444,907525754,Matthew hk,727505.0,2019-07-23T18:54:12Z,68519,,
909,907562501,907562444,Matthew hk,727505.0,2019-07-23T18:54:44Z,68524,,
910,907990928,907562501,203.194.51.42,0.0,2019-07-26T17:06:23Z,68523,True,
911,908095265,907990928,Spinningspark,3727527.0,2019-07-27T11:42:41Z,68524,,
912,908643391,908095265,Jordanopia,30733947.0,2019-07-31T01:35:30Z,68524,,
913,908645730,908643391,Jordanopia,30733947.0,2019-07-31T01:58:18Z,68566,,
914,908646392,908645730,Jordanopia,30733947.0,2019-07-31T02:05:34Z,68526,,
915,908647138,908646392,Jordanopia,30733947.0,2019-07-31T02:13:28Z,68551,,
916,908710839,908647138,210.6.124.173,0.0,2019-07-31T13:27:16Z,67945,True,
917,908711060,908710839,Nick Moyes,11378440.0,2019-07-31T13:29:31Z,68551,,
918,908714909,908711060,Arjayay,5718152.0,2019-07-31T14:07:34Z,68547,,
919,909086240,908714909,,,2019-08-03T00:10:54Z,68673,,True
920,909086373,909086240,Meters,3632083.0,2019-08-03T00:12:27Z,68547,,
921,909086487,909086373,,,2019-08-03T00:13:38Z,68542,,True
922,909086512,909086487,Meters,3632083.0,2019-08-03T00:13:48Z,68547,,
923,909086643,909086512,,,2019-08-03T00:15:12Z,68558,,True
924,909086683,909086643,CLCStudent,26398660.0,2019-08-03T00:15:37Z,68547,,
925,909177368,909086683,123.202.211.131,0.0,2019-08-03T17:16:22Z,68594,True,
926,909178364,909177368,Serols,9929111.0,2019-08-03T17:24:46Z,68547,,
927,909385963,909178364,183.178.181.29,0.0,2019-08-05T02:22:07Z,68492,True,
928,909525109,909385963,Transgender Robot Fact0ry,37078657.0,2019-08-06T00:12:03Z,68488,,
929,909525279,909525109,Transgender Robot Fact0ry,37078657.0,2019-08-06T00:13:02Z,68539,,
930,909525344,909525279,Transgender Robot Fact0ry,37078657.0,2019-08-06T00:13:22Z,68539,,
931,909525931,909525344,Shellwood,2366721.0,2019-08-06T00:17:10Z,68492,,
932,909648998,909525931,N2e,1143897.0,2019-08-06T18:41:55Z,68585,,
933,909727291,909648998,NinjaOng,5971285.0,2019-08-07T06:42:48Z,69065,,
934,909799599,909727291,AnomieBOT,7611264.0,2019-08-07T17:51:58Z,69099,,
935,909868211,909799599,108.14.255.57,0.0,2019-08-08T04:02:26Z,69088,True,
936,909876112,909868211,Thereppy,21552999.0,2019-08-08T05:53:17Z,69099,,
937,910209715,909876112,119.237.30.156,0.0,2019-08-10T12:54:31Z,69099,True,
938,910298041,910209715,Kinghongtim,36097109.0,2019-08-11T02:28:18Z,69099,,
939,910337452,910298041,123.202.231.201,0.0,2019-08-11T11:03:43Z,69148,True,
940,910337573,910337452,123.202.231.201,0.0,2019-08-11T11:05:15Z,68670,True,
941,910337637,910337573,123.202.231.201,0.0,2019-08-11T11:06:00Z,68664,True,
942,910337709,910337637,123.202.231.201,0.0,2019-08-11T11:07:01Z,68658,True,
943,910337819,910337709,123.202.231.201,0.0,2019-08-11T11:08:25Z,68657,True,
944,910338161,910337819,123.202.231.201,0.0,2019-08-11T11:12:19Z,68638,True,
945,910340283,910338161,K6ka,11801436.0,2019-08-11T11:36:05Z,69099,,
946,910340352,910340283,K6ka,11801436.0,2019-08-11T11:36:52Z,69099,,
947,910340417,910340352,K6ka,11801436.0,2019-08-11T11:37:38Z,69099,,
948,910340423,910340417,K6ka,11801436.0,2019-08-11T11:37:39Z,69126,,
949,910588643,910340423,White whirlwind,8761551.0,2019-08-13T03:15:09Z,69226,,
950,910638423,910588643,Meeepmep,30276420.0,2019-08-13T12:44:30Z,69790,,
951,910641459,910638423,Mx. Granger,4871659.0,2019-08-13T13:16:11Z,69785,,
952,910696049,910641459,CaradhrasAiguo,24002831.0,2019-08-13T20:17:38Z,69786,,
953,910900353,910696049,Orenburg1,10248457.0,2019-08-15T07:49:03Z,69787,,
954,910908851,910900353,Ambitus,1338845.0,2019-08-15T09:31:18Z,69780,,
955,911154817,910908851,DelusionalThomaz515610,35993940.0,2019-08-16T21:47:30Z,69780,,
956,911637635,911154817,Dog Starkiller,33524348.0,2019-08-20T04:33:25Z,69776,,
957,911647370,911637635,Ambitus,1338845.0,2019-08-20T06:42:29Z,69772,,
958,911647526,911647370,Ambitus,1338845.0,2019-08-20T06:44:18Z,69773,,
959,912027751,911647526,White whirlwind,8761551.0,2019-08-22T19:31:32Z,69775,,
960,912167604,912027751,Muboshgu,602857.0,2019-08-23T17:57:46Z,69730,,
961,912167659,912167604,Muboshgu,602857.0,2019-08-23T17:58:10Z,69718,,
962,912377334,912167659,Tktru,8945644.0,2019-08-25T04:17:18Z,69746,,
963,912636886,912377334,Yeungkahchun,33023494.0,2019-08-26T22:33:58Z,69735,,
964,912803331,912636886,Yeungkahchun,33023494.0,2019-08-27T23:58:09Z,69724,,
965,912960720,912803331,Sirlanz,4714987.0,2019-08-29T00:22:04Z,69727,,
966,912961334,912960720,Sirlanz,4714987.0,2019-08-29T00:27:11Z,69369,,
967,912962542,912961334,Sirlanz,4714987.0,2019-08-29T00:37:54Z,69042,,
968,913134693,912962542,嘉傑,34373489.0,2019-08-30T03:30:09Z,69013,,
969,913444358,913134693,Yeungkahchun,33023494.0,2019-09-01T03:06:06Z,69025,,
970,913447141,913444358,Sirlanz,4714987.0,2019-09-01T03:34:27Z,69013,,
971,913504256,913447141,Frietjes,13791031.0,2019-09-01T13:49:37Z,68997,,
972,913821012,913504256,Starship.paint,14577710.0,2019-09-03T12:13:53Z,70129,,
973,913934076,913821012,Prisencolin,20834545.0,2019-09-04T03:37:20Z,70178,,
974,914296909,913934076,Randykitty,17843555.0,2019-09-06T12:58:01Z,70132,,
975,915414878,914296909,MNXANL,26145793.0,2019-09-13T03:55:27Z,70164,,
976,915520414,915414878,RL0919,327763.0,2019-09-13T19:04:29Z,70170,,
977,915886588,915520414,DelusionalThomaz515610,35993940.0,2019-09-15T20:38:29Z,70170,,
978,916810701,915886588,33ryantan,23810496.0,2019-09-20T19:13:10Z,70744,,
979,916811400,916810701,33ryantan,23810496.0,2019-09-20T19:17:14Z,71131,,
980,916888806,916811400,Hoising,2864272.0,2019-09-21T05:00:43Z,71117,,
981,916889280,916888806,Hoising,2864272.0,2019-09-21T05:05:11Z,71171,,
982,916890387,916889280,Hoising,2864272.0,2019-09-21T05:15:04Z,71216,,
983,917488646,916890387,Lmmnhn,4599174.0,2019-09-24T02:24:10Z,71982,,
984,917488783,917488646,Lmmnhn,4599174.0,2019-09-24T02:24:54Z,71984,,
985,917489342,917488783,Lmmnhn,4599174.0,2019-09-24T02:28:22Z,71764,,
986,919646534,917489342,Pageseditor,37151727.0,2019-10-04T21:30:41Z,72320,,
987,919651219,919646534,MarkH21,27158663.0,2019-10-04T22:13:43Z,71764,,
988,919696641,919651219,Pageseditor,37151727.0,2019-10-05T06:27:19Z,72320,,
989,919701230,919696641,El C,92203.0,2019-10-05T07:29:47Z,71764,,
990,919888100,919701230,Pageseditor,37151727.0,2019-10-06T12:36:42Z,72320,,
991,919926839,919888100,MarkH21,27158663.0,2019-10-06T17:54:51Z,71764,,
992,920719439,919926839,DumbBOT,1310918.0,2019-10-11T12:39:48Z,71737,,
993,921093834,920719439,50.39.160.135,0.0,2019-10-13T20:48:28Z,71814,True,
994,921093929,921093834,SharabSalam,34100996.0,2019-10-13T20:49:10Z,71737,,
995,921199060,921093929,Glades12,35126782.0,2019-10-14T13:52:35Z,71744,,
996,921361260,921199060,14.0.236.212,0.0,2019-10-15T09:56:09Z,71738,True,
997,921362456,921361260,Citobun,19212093.0,2019-10-15T10:05:43Z,71744,,
998,921369411,921362456,N2e,1143897.0,2019-10-15T11:10:08Z,71780,,
999,921371614,921369411,AnomieBOT,7611264.0,2019-10-15T11:30:11Z,71798,,
1000,921536387,921371614,42.200.97.114,0.0,2019-10-16T09:17:24Z,71791,True,
1001,921536436,921536387,Wham2001,915833.0,2019-10-16T09:17:59Z,71798,,
1002,921536475,921536436,42.200.97.114,0.0,2019-10-16T09:18:24Z,71798,True,
1003,921536664,921536475,42.200.97.114,0.0,2019-10-16T09:20:11Z,71799,True,
1004,921536712,921536664,Sophiajoanne,25757840.0,2019-10-16T09:20:38Z,71798,,
1005,921560829,921536712,Snappy Thanos,37604065.0,2019-10-16T13:13:55Z,71871,,
1006,921562189,921560829,Citobun,19212093.0,2019-10-16T13:26:54Z,71798,,
1007,921628839,921562189,208.69.12.34,0.0,2019-10-16T21:25:26Z,71794,True,
1008,921629203,921628839,208.69.12.34,0.0,2019-10-16T21:28:14Z,71794,True,
1009,921633904,921629203,MarkH21,27158663.0,2019-10-16T22:02:38Z,71798,,
1010,921640229,921633904,Yeungkahchun,33023494.0,2019-10-16T22:51:40Z,71810,,
1011,921640550,921640229,Yeungkahchun,33023494.0,2019-10-16T22:54:44Z,71827,,
1012,921661150,921640550,49.216.6.161,0.0,2019-10-17T02:06:49Z,71827,True,
1013,921661860,921661150,49.216.6.161,0.0,2019-10-17T02:14:10Z,71841,True,
1014,921666817,921661860,Citobun,19212093.0,2019-10-17T03:03:22Z,71852,,
1015,921955679,921666817,Hoising,2864272.0,2019-10-18T23:45:54Z,71848,,
1016,921964546,921955679,114.43.142.167,0.0,2019-10-19T00:52:38Z,71850,True,
1017,922079716,921964546,92.184.98.184,0.0,2019-10-19T20:39:59Z,71854,True,
1018,922084297,922079716,El C,92203.0,2019-10-19T21:21:03Z,71850,,
1019,922317365,922084297,60.246.62.157,0.0,2019-10-21T11:03:07Z,71849,True,
1020,922317493,922317365,UA3,25923702.0,2019-10-21T11:04:39Z,71850,,
1021,922580410,922317493,144.178.2.26,0.0,2019-10-23T00:46:52Z,71772,True,
1022,922589392,922580410,Citobun,19212093.0,2019-10-23T02:04:18Z,71850,,
1023,922947047,922589392,119.246.85.65,0.0,2019-10-25T09:47:56Z,71837,True,
1024,922947189,922947047,Citobun,19212093.0,2019-10-25T09:49:36Z,71850,,
1025,922947475,922947189,119.246.85.65,0.0,2019-10-25T09:53:41Z,72007,True,
1026,922947773,922947475,119.246.85.65,0.0,2019-10-25T09:57:38Z,71968,True,
1027,922948200,922947773,Citobun,19212093.0,2019-10-25T10:02:40Z,71850,,
1028,922948762,922948200,Oshwah,3174456.0,2019-10-25T10:09:17Z,71850,,
1029,922948765,922948762,Oshwah,3174456.0,2019-10-25T10:09:20Z,71870,,
1030,922949051,922948765,Oshwah,3174456.0,2019-10-25T10:12:46Z,71870,,
1031,922949078,922949051,Oshwah,3174456.0,2019-10-25T10:13:01Z,71877,,
1032,924135887,922949078,Sirlanz,4714987.0,2019-11-02T01:24:49Z,72519,,
1033,924135936,924135887,Sirlanz,4714987.0,2019-11-02T01:25:18Z,72520,,
1034,924136090,924135936,Sirlanz,4714987.0,2019-11-02T01:26:39Z,72315,,
1035,924136204,924136090,Sirlanz,4714987.0,2019-11-02T01:27:39Z,72373,,
1036,924136418,924136204,Sirlanz,4714987.0,2019-11-02T01:29:23Z,72307,,
1037,924136535,924136418,Sirlanz,4714987.0,2019-11-02T01:30:35Z,72330,,
1038,924136741,924136535,Sirlanz,4714987.0,2019-11-02T01:32:52Z,72330,,
1039,924209490,924136741,Auric,31706.0,2019-11-02T13:54:26Z,72330,,
1040,924232272,924209490,Arjayay,5718152.0,2019-11-02T16:35:40Z,72326,,
1041,924343598,924232272,Yeungkahchun,33023494.0,2019-11-03T08:01:36Z,72396,,
1042,924343851,924343598,Yeungkahchun,33023494.0,2019-11-03T08:04:23Z,72452,,
1043,924573404,924343851,Horse Eye Jack,34071960.0,2019-11-04T17:47:43Z,72326,,
1044,924584133,924573404,MarkH21,27158663.0,2019-11-04T19:01:56Z,72452,,
1045,924591343,924584133,MarkH21,27158663.0,2019-11-04T19:54:13Z,72441,,
1046,925196198,924591343,DumbBOT,1310918.0,2019-11-08T13:39:42Z,72414,,
1047,925230987,925196198,MYNAMEISEDLIN,37786064.0,2019-11-08T18:23:47Z,72416,,
1048,925231063,925230987,Sjö,202394.0,2019-11-08T18:24:23Z,72414,,
1049,925651825,925231063,203.218.182.237,0.0,2019-11-11T13:14:43Z,74591,True,
1050,925682528,925651825,ImprovedWikiImprovment,33989260.0,2019-11-11T17:28:00Z,72414,,
1051,925720675,925682528,A21sauce,4794125.0,2019-11-11T22:19:30Z,72437,,
1052,925720760,925720675,A21sauce,4794125.0,2019-11-11T22:20:16Z,72441,,
1053,925721092,925720760,A21sauce,4794125.0,2019-11-11T22:22:55Z,72434,,
1054,925721452,925721092,A21sauce,4794125.0,2019-11-11T22:25:33Z,72421,,
1055,925721707,925721452,A21sauce,4794125.0,2019-11-11T22:27:43Z,72417,,
1056,925743188,925721707,Hairy Dude,274535.0,2019-11-12T01:24:18Z,72447,,
1057,925766370,925743188,183.90.36.35,0.0,2019-11-12T05:11:10Z,72627,True,
1058,925766469,925766370,Hrodvarsson,31083192.0,2019-11-12T05:11:49Z,72447,,
1059,925766532,925766469,183.90.36.35,0.0,2019-11-12T05:12:44Z,72626,True,
1060,925766587,925766532,Hrodvarsson,31083192.0,2019-11-12T05:13:30Z,72447,,
1061,925766693,925766587,183.90.36.35,0.0,2019-11-12T05:14:55Z,72670,True,
1062,925766904,925766693,183.90.36.35,0.0,2019-11-12T05:17:16Z,72858,True,
1063,925766939,925766904,El C,92203.0,2019-11-12T05:17:50Z,72447,,
1064,926039640,925766939,98.169.21.235,0.0,2019-11-13T21:58:33Z,72468,True,
1065,926045209,926039640,98.169.21.235,0.0,2019-11-13T22:36:42Z,72986,True,
1066,926137501,926045209,Hzh,4385147.0,2019-11-14T13:27:41Z,72982,,
1067,926180056,926137501,Innovasg,37833952.0,2019-11-14T18:37:21Z,72905,,
1068,926184303,926180056,Innovasg,37833952.0,2019-11-14T19:06:37Z,72909,,
1069,926209666,926184303,Innovasg,37833952.0,2019-11-14T22:12:51Z,72906,,
1070,926409028,926209666,JJMC89,24812038.0,2019-11-16T04:57:51Z,72982,,
1071,926456244,926409028,Fredmdbud,4863668.0,2019-11-16T14:36:33Z,72982,,
1072,926633765,926456244,Stapmoshun,31379431.0,2019-11-17T18:33:39Z,72983,,
1073,926766504,926633765,194.214.171.7,0.0,2019-11-18T16:05:50Z,72982,True,
1074,926766978,926766504,194.214.171.6,0.0,2019-11-18T16:10:12Z,72983,True,
1075,926767046,926766978,XXX8906,19575850.0,2019-11-18T16:10:46Z,72982,,
1076,926767143,926767046,El C,92203.0,2019-11-18T16:11:38Z,72983,,
1077,926767205,926767143,El C,92203.0,2019-11-18T16:12:20Z,72983,,
1078,926767208,926767205,El C,92203.0,2019-11-18T16:12:23Z,72983,,
1079,926767243,926767208,El C,92203.0,2019-11-18T16:12:49Z,73010,,
1080,927182679,926767243,ChrisWar666,3284050.0,2019-11-20T21:56:30Z,72941,,
1081,927185026,927182679,MarkH21,27158663.0,2019-11-20T22:14:37Z,72941,,
1082,927185766,927185026,ETO Buff,3594767.0,2019-11-20T22:20:22Z,72945,,
1083,927186017,927185766,ETO Buff,3594767.0,2019-11-20T22:22:39Z,72945,,
1084,927186273,927186017,ETO Buff,3594767.0,2019-11-20T22:24:33Z,72953,,
1085,927894358,927186273,BJohn1087,36769847.0,2019-11-25T13:27:20Z,73586,,
1086,927907277,927894358,JLo-Watson,31141063.0,2019-11-25T15:25:49Z,73570,,
1087,927908938,927907277,JLo-Watson,31141063.0,2019-11-25T15:37:42Z,73689,,
1088,927927141,927908938,Supertanno,5763785.0,2019-11-25T17:55:38Z,73681,,
1089,927929746,927927141,MarkH21,27158663.0,2019-11-25T18:16:04Z,73689,,
1090,928049155,927929746,Shadybabs,34270914.0,2019-11-26T13:43:55Z,73736,,
1091,928064780,928049155,MarkH21,27158663.0,2019-11-26T16:00:10Z,73782,,
1092,928480891,928064780,Anthony Ivanoff,141229.0,2019-11-29T14:16:42Z,73772,,
1093,928732860,928480891,Underbar dk,677153.0,2019-12-01T08:27:23Z,73800,,
1094,929254041,928732860,Lmmnhn,4599174.0,2019-12-04T16:39:28Z,73846,,
1095,929254184,929254041,Lmmnhn,4599174.0,2019-12-04T16:40:31Z,73845,,
1096,929262352,929254184,Lmmnhn,4599174.0,2019-12-04T17:45:45Z,72527,,
1097,929262489,929262352,Lmmnhn,4599174.0,2019-12-04T17:46:49Z,72533,,
1098,929263571,929262489,MarkH21,27158663.0,2019-12-04T17:54:47Z,72424,,
1099,929263611,929263571,Lmmnhn,4599174.0,2019-12-04T17:55:01Z,73036,,
1100,929263678,929263611,Lmmnhn,4599174.0,2019-12-04T17:55:37Z,73038,,
1101,929263895,929263678,Lmmnhn,4599174.0,2019-12-04T17:57:08Z,73008,,
1102,929263994,929263895,MarkH21,27158663.0,2019-12-04T17:57:47Z,72800,,
1103,929264004,929263994,Lmmnhn,4599174.0,2019-12-04T17:57:55Z,72164,,
1104,929267919,929264004,AnomieBOT,7611264.0,2019-12-04T18:29:35Z,72474,,
1105,929271996,929267919,Lmmnhn,4599174.0,2019-12-04T19:03:46Z,72474,,
1106,929274118,929271996,Lmmnhn,4599174.0,2019-12-04T19:15:40Z,73658,,
1107,929276314,929274118,MarkH21,27158663.0,2019-12-04T19:31:47Z,73629,,
1108,929403395,929276314,Lmmnhn,4599174.0,2019-12-05T16:28:49Z,74113,,
1109,929587323,929403395,MarkH21,27158663.0,2019-12-06T20:30:10Z,74112,,
