,revid,parentid,user,userid,timestamp,size,anon
0,778576150,0,Universehk,1355576,2017-05-04T00:12:51Z,869,
1,778576720,778576150,Universehk,1355576,2017-05-04T00:17:58Z,2686,
2,778576836,778576720,Elliot321,20842734,2017-05-04T00:19:02Z,2687,
3,778576880,778576836,Universehk,1355576,2017-05-04T00:19:28Z,2687,
4,778744819,778576880,Tinton5,9806113,2017-05-05T00:40:13Z,2735,
5,778744888,778744819,Tinton5,9806113,2017-05-05T00:40:38Z,2734,
6,778823219,778744888,Diannaa,10728040,2017-05-05T12:19:37Z,702,
7,778989896,778823219,Diannaa,10728040,2017-05-06T11:14:19Z,2912,
8,811335421,778989896,222.167.166.187,0,2017-11-20T23:50:51Z,2921,True
9,811384674,811335421,Patar knight,2325890,2017-11-21T07:51:21Z,2912,
10,826796790,811384674,Ira Leviton,25046916,2018-02-21T01:40:43Z,2902,
11,901782582,826796790,194.207.146.167,0,2019-06-14T07:33:34Z,3221,True
12,901782676,901782582,194.207.146.167,0,2019-06-14T07:34:47Z,3237,True
13,901782766,901782676,194.207.146.167,0,2019-06-14T07:36:10Z,3251,True
14,901783387,901782766,194.207.146.167,0,2019-06-14T07:45:29Z,3300,True
15,910224964,901783387,218.103.190.73,0,2019-08-10T15:18:43Z,3330,True
16,912627153,910224964,80.111.165.52,0,2019-08-26T21:18:15Z,3357,True
17,913387831,912627153,Amigao,11099276,2019-08-31T19:48:51Z,3768,
18,914414497,913387831,Underwaterbuffalo,6833051,2019-09-07T10:36:57Z,3817,
19,914938813,914414497,79.64.220.158,0,2019-09-10T07:43:08Z,3836,True
20,914941882,914938813,OliWatson,36294887,2019-09-10T08:14:48Z,3982,
21,914942197,914941882,OliWatson,36294887,2019-09-10T08:16:10Z,3986,
22,914981357,914942197,Yutsi,9944834,2019-09-10T14:26:26Z,3989,
23,914981514,914981357,Yutsi,9944834,2019-09-10T14:27:26Z,3987,
24,915074153,914981514,144.92.38.231,0,2019-09-11T02:19:21Z,3993,True
25,915127042,915074153,80.111.44.144,0,2019-09-11T11:05:15Z,3982,True
26,915127251,915127042,80.111.44.144,0,2019-09-11T11:06:58Z,4011,True
27,915240665,915127251,Amigao,11099276,2019-09-12T01:18:38Z,4044,
28,915350496,915240665,Underwaterbuffalo,6833051,2019-09-12T18:34:43Z,4043,
29,915576639,915350496,Flaughtin,36884324,2019-09-14T02:58:46Z,4027,
30,915625101,915576639,80.111.44.144,0,2019-09-14T10:34:36Z,4016,True
31,915741914,915625101,Mariogoods,34143604,2019-09-15T02:14:57Z,4110,
32,915741955,915741914,Mariogoods,34143604,2019-09-15T02:15:25Z,4103,
33,915744111,915741955,AnomieBOT,7611264,2019-09-15T02:36:06Z,4123,
34,915979433,915744111,Mariogoods,34143604,2019-09-16T09:22:52Z,6641,
35,915979620,915979433,Mariogoods,34143604,2019-09-16T09:24:37Z,6677,
36,915979674,915979620,Mariogoods,34143604,2019-09-16T09:25:05Z,6678,
37,915980464,915979674,Mariogoods,34143604,2019-09-16T09:32:19Z,6560,
38,915980663,915980464,Mariogoods,34143604,2019-09-16T09:34:06Z,6534,
39,915980750,915980663,Mariogoods,34143604,2019-09-16T09:34:45Z,6582,
40,916382697,915980750,199.212.66.226,0,2019-09-18T16:42:49Z,6468,True
41,917852127,916382697,WikiCleanerBot,18872885,2019-09-25T19:59:08Z,6467,
42,918084903,917852127,119.247.15.195,0,2019-09-26T23:28:17Z,6596,True
43,918123506,918084903,Flaughtin,36884324,2019-09-27T04:10:20Z,5486,
44,918130702,918123506,Flaughtin,36884324,2019-09-27T05:19:54Z,8541,
45,918138605,918130702,Flaughtin,36884324,2019-09-27T06:35:14Z,10691,
46,918153523,918138605,Flaughtin,36884324,2019-09-27T08:34:26Z,14552,
47,918153675,918153523,Flaughtin,36884324,2019-09-27T08:35:41Z,14541,
48,918165461,918153675,Flaughtin,36884324,2019-09-27T10:01:46Z,14707,
49,918359473,918165461,Mariogoods,34143604,2019-09-28T08:24:32Z,15171,
50,918359602,918359473,Mariogoods,34143604,2019-09-28T08:25:52Z,15167,
51,918359681,918359602,Mariogoods,34143604,2019-09-28T08:26:27Z,15171,
52,918361694,918359681,Mariogoods,34143604,2019-09-28T08:43:57Z,15171,
53,918361735,918361694,Mariogoods,34143604,2019-09-28T08:44:20Z,15175,
54,918362141,918361735,Mariogoods,34143604,2019-09-28T08:47:51Z,15181,
55,918362232,918362141,Mariogoods,34143604,2019-09-28T08:48:36Z,15192,
56,918362385,918362232,Mariogoods,34143604,2019-09-28T08:49:48Z,15158,
57,918386512,918362385,Arjayay,5718152,2019-09-28T12:00:51Z,15158,
58,918448998,918386512,Diannaa,10728040,2019-09-28T18:32:08Z,15091,
59,918740307,918448998,Mariogoods,34143604,2019-09-30T03:17:49Z,15092,
60,918740349,918740307,Mariogoods,34143604,2019-09-30T03:18:11Z,15096,
61,918740418,918740349,Mariogoods,34143604,2019-09-30T03:18:40Z,15100,
62,918791444,918740418,Flaughtin,36884324,2019-09-30T09:49:04Z,15639,
63,918818578,918791444,Mariogoods,34143604,2019-09-30T12:44:57Z,15650,
64,919842441,918818578,Amigao,11099276,2019-10-06T04:33:04Z,15660,
65,921217451,919842441,Epicgenius,17859592,2019-10-14T16:01:00Z,15890,
66,921217588,921217451,Epicgenius,17859592,2019-10-14T16:02:05Z,15908,
67,921217867,921217588,Epicgenius,17859592,2019-10-14T16:03:54Z,15906,
68,921384653,921217867,Mariogoods,34143604,2019-10-15T13:11:18Z,15914,
69,921489911,921384653,1.152.109.120,0,2019-10-16T01:11:50Z,15957,True
70,921490726,921489911,2001:8004:1242:A481:9063:48BC:74B3:F598,0,2019-10-16T01:18:17Z,15914,True
71,921494119,921490726,Amigao,11099276,2019-10-16T01:43:10Z,16296,
72,921498405,921494119,TheTechnician27,30584747,2019-10-16T02:12:47Z,16700,
73,921500036,921498405,TheTechnician27,30584747,2019-10-16T02:23:16Z,17847,
74,921500707,921500036,TheTechnician27,30584747,2019-10-16T02:28:39Z,18121,
75,921502220,921500707,TheTechnician27,30584747,2019-10-16T02:43:06Z,18928,
76,921503202,921502220,TheTechnician27,30584747,2019-10-16T02:52:15Z,19702,
77,921503308,921503202,TheTechnician27,30584747,2019-10-16T02:53:07Z,19767,
78,921503662,921503308,TheTechnician27,30584747,2019-10-16T02:56:12Z,19862,
79,921634057,921503662,Mariogoods,34143604,2019-10-16T22:03:34Z,19078,
80,921664997,921634057,Kobentori,36540390,2019-10-17T02:46:26Z,19113,
81,921744554,921664997,Flaughtin,36884324,2019-10-17T16:45:34Z,19897,
82,921744617,921744554,Flaughtin,36884324,2019-10-17T16:46:12Z,19926,
83,921859846,921744617,74.12.9.114,0,2019-10-18T11:06:15Z,22413,True
84,921860116,921859846,74.12.9.114,0,2019-10-18T11:08:22Z,22560,True
85,921870964,921860116,Javert2113,11844353,2019-10-18T12:50:51Z,22819,
86,921871048,921870964,Javert2113,11844353,2019-10-18T12:51:42Z,22823,
87,921871200,921871048,Javert2113,11844353,2019-10-18T12:53:14Z,22882,
88,921939439,921871200,TheTechnician27,30584747,2019-10-18T21:30:34Z,22995,
89,921939645,921939439,TheTechnician27,30584747,2019-10-18T21:32:01Z,23001,
90,921940082,921939645,TheTechnician27,30584747,2019-10-18T21:34:54Z,23011,
91,921954657,921940082,Javert2113,11844353,2019-10-18T23:37:32Z,23011,
92,921964125,921954657,Mariogoods,34143604,2019-10-19T00:48:56Z,22689,
93,922021188,921964125,Flaughtin,36884324,2019-10-19T11:37:20Z,23473,
94,922021430,922021188,Flaughtin,36884324,2019-10-19T11:40:39Z,23328,
95,922022504,922021430,Flaughtin,36884324,2019-10-19T11:53:27Z,23840,
96,922070811,922022504,Keith D,2278355,2019-10-19T19:21:21Z,23846,
97,922579623,922070811,98.221.223.155,0,2019-10-23T00:41:11Z,23855,True
98,922928473,922579623,31.209.35.245,0,2019-10-25T06:12:34Z,24108,True
99,922928540,922928473,Train of Knowledge,37521541,2019-10-25T06:13:38Z,23855,
100,924845416,922928540,Mariogoods,34143604,2019-11-06T08:37:28Z,23605,
101,924979183,924845416,SpinnerLaserz,36768064,2019-11-07T02:19:00Z,23990,
102,926275690,924979183,Flaughtin,36884324,2019-11-15T08:28:17Z,24240,
103,926277061,926275690,Flaughtin,36884324,2019-11-15T08:45:15Z,23855,
104,926289546,926277061,MarkH21,27158663,2019-11-15T11:00:06Z,24521,
105,926289640,926289546,MarkH21,27158663,2019-11-15T11:01:06Z,24699,
106,926289907,926289640,MarkH21,27158663,2019-11-15T11:03:54Z,24699,
107,926439212,926289907,37.182.56.46,0,2019-11-16T11:21:29Z,24713,True
108,926490355,926439212,Amigao,11099276,2019-11-16T19:18:21Z,24750,
109,926707636,926490355,Mariogoods,34143604,2019-11-18T05:16:25Z,24758,
110,927035375,926707636,Jean-Marie.be,21131199,2019-11-19T23:23:16Z,24849,
111,927035787,927035375,Javert2113,11844353,2019-11-19T23:26:26Z,25237,
112,927036107,927035787,Javert2113,11844353,2019-11-19T23:28:34Z,25134,
113,927037046,927036107,Javert2113,11844353,2019-11-19T23:35:35Z,25472,
114,927038031,927037046,Javert2113,11844353,2019-11-19T23:42:35Z,25792,
115,927045133,927038031,Daviddwd,14327137,2019-11-20T00:36:11Z,25836,
116,927046069,927045133,67.166.146.137,0,2019-11-20T00:44:17Z,25833,True
117,927057980,927046069,24.147.245.90,0,2019-11-20T02:17:25Z,25825,True
118,927068794,927057980,Javert2113,11844353,2019-11-20T03:54:40Z,25786,
119,927073261,927068794,TK421bsod,37874818,2019-11-20T04:37:22Z,25832,
120,927073377,927073261,TK421bsod,37874818,2019-11-20T04:38:27Z,25786,
121,927074997,927073377,Robertsky,1990013,2019-11-20T04:54:55Z,29965,
122,927090041,927074997,MarkH21,27158663,2019-11-20T07:41:04Z,30538,
123,927090361,927090041,MarkH21,27158663,2019-11-20T07:44:26Z,30647,
124,927090581,927090361,Daviddwd,14327137,2019-11-20T07:46:54Z,30964,
125,927090711,927090581,MarkH21,27158663,2019-11-20T07:48:05Z,30955,
126,927091258,927090711,Daviddwd,14327137,2019-11-20T07:54:19Z,31045,
127,927142134,927091258,MarkH21,27158663,2019-11-20T16:37:01Z,31036,
128,927144075,927142134,Javert2113,11844353,2019-11-20T16:52:18Z,31030,
129,927184532,927144075,X1\,31634280,2019-11-20T22:10:32Z,31037,
130,927191163,927184532,Oaklandish88,37881640,2019-11-20T23:02:01Z,31171,
131,927195109,927191163,Javert2113,11844353,2019-11-20T23:32:58Z,31422,
132,927195488,927195109,Javert2113,11844353,2019-11-20T23:36:02Z,31642,
133,927195973,927195488,Javert2113,11844353,2019-11-20T23:39:23Z,31728,
134,927196310,927195973,Javert2113,11844353,2019-11-20T23:41:35Z,32064,
135,927196639,927196310,163.22.55.124,0,2019-11-20T23:43:50Z,32281,True
136,927196971,927196639,Javert2113,11844353,2019-11-20T23:46:17Z,32336,
137,927197100,927196971,Javert2113,11844353,2019-11-20T23:46:59Z,32337,
138,927199902,927197100,Michael Lee Baker,19769560,2019-11-21T00:05:08Z,32984,
139,927200163,927199902,Michael Lee Baker,19769560,2019-11-21T00:07:02Z,32984,
140,927210214,927200163,218.102.0.90,0,2019-11-21T01:23:13Z,32649,True
141,927212968,927210214,218.102.0.90,0,2019-11-21T01:44:54Z,32695,True
142,927244619,927212968,124.49.87.16,0,2019-11-21T05:56:32Z,32740,True
143,927245148,927244619,124.49.87.16,0,2019-11-21T06:01:13Z,32778,True
144,927247698,927245148,Daviddwd,14327137,2019-11-21T06:30:51Z,32787,
145,927280459,927247698,Javert2113,11844353,2019-11-21T13:15:54Z,32909,
146,927280487,927280459,Javert2113,11844353,2019-11-21T13:16:11Z,32919,
147,927281799,927280487,193.54.67.94,0,2019-11-21T13:30:56Z,33828,True
148,927282027,927281799,Javert2113,11844353,2019-11-21T13:33:02Z,34233,
149,927284042,927282027,193.54.67.95,0,2019-11-21T13:50:39Z,34812,True
150,927284485,927284042,193.54.67.95,0,2019-11-21T13:54:27Z,34809,True
151,927286297,927284485,205.145.159.58,0,2019-11-21T14:12:52Z,34808,True
152,927439561,927286297,Robertsky,1990013,2019-11-22T14:48:47Z,36068,
153,927472500,927439561,Neutrality,68411,2019-11-22T18:36:31Z,36356,
154,927472675,927472500,Neutrality,68411,2019-11-22T18:37:39Z,36327,
155,927473356,927472675,Neutrality,68411,2019-11-22T18:41:44Z,36525,
156,927473673,927473356,Neutrality,68411,2019-11-22T18:43:36Z,36481,
157,927474152,927473673,Neutrality,68411,2019-11-22T18:46:16Z,36511,
158,927478149,927474152,Neutrality,68411,2019-11-22T19:11:14Z,38431,
159,927478385,927478149,Neutrality,68411,2019-11-22T19:13:13Z,38434,
160,927520791,927478385,Neutrality,68411,2019-11-23T00:14:25Z,38751,
161,927521022,927520791,Neutrality,68411,2019-11-23T00:16:32Z,38761,
162,927521723,927521022,Neutrality,68411,2019-11-23T00:22:32Z,39310,
163,927522146,927521723,Neutrality,68411,2019-11-23T00:25:59Z,39589,
164,927523340,927522146,TK421bsod,37874818,2019-11-23T00:35:48Z,39591,
165,927526213,927523340,Neutrality,68411,2019-11-23T01:01:51Z,39585,
166,927603022,927526213,PoetVeches,31755270,2019-11-23T15:42:31Z,39670,
167,927603820,927603022,PoetVeches,31755270,2019-11-23T15:49:44Z,39670,
168,927652781,927603820,Rodw,125972,2019-11-23T22:14:58Z,39682,
169,927691831,927652781,14.0.236.125,0,2019-11-24T04:21:11Z,39852,True
170,927692039,927691831,-glove-,29078628,2019-11-24T04:23:28Z,39682,
171,927703403,927692039,XXzoonamiXX,17080504,2019-11-24T06:36:34Z,39693,
172,927703644,927703403,XXzoonamiXX,17080504,2019-11-24T06:40:03Z,39696,
173,927742457,927703644,2001:2D8:E35A:E330:0:0:4449:F000,0,2019-11-24T13:47:32Z,39656,True
174,927763933,927742457,Neutrality,68411,2019-11-24T16:57:45Z,39696,
175,928162115,927763933,101.112.132.185,0,2019-11-27T06:26:12Z,39694,True
176,928215126,928162115,Neutrality,68411,2019-11-27T15:41:40Z,39872,
177,928216920,928215126,Neutrality,68411,2019-11-27T15:57:48Z,42049,
178,928217744,928216920,Neutrality,68411,2019-11-27T16:05:18Z,43202,
179,928219674,928217744,Neutrality,68411,2019-11-27T16:22:32Z,45553,
180,928220025,928219674,Neutrality,68411,2019-11-27T16:25:44Z,45329,
181,928220054,928220025,Neutrality,68411,2019-11-27T16:25:58Z,45260,
182,928221432,928220054,Neutrality,68411,2019-11-27T16:37:51Z,46270,
183,928221585,928221432,Neutrality,68411,2019-11-27T16:39:07Z,46275,
184,928224361,928221585,Neutrality,68411,2019-11-27T17:05:11Z,46771,
185,928271659,928224361,Javert2113,11844353,2019-11-27T23:35:43Z,47257,
186,928271714,928271659,Javert2113,11844353,2019-11-27T23:36:23Z,47220,
187,928271791,928271714,Javert2113,11844353,2019-11-27T23:37:12Z,47218,
188,928271913,928271791,Daviddwd,14327137,2019-11-27T23:38:16Z,47211,
189,928271972,928271913,Javert2113,11844353,2019-11-27T23:38:47Z,47216,
190,928272150,928271972,Javert2113,11844353,2019-11-27T23:40:23Z,47231,
191,928272381,928272150,Daviddwd,14327137,2019-11-27T23:42:25Z,47107,
192,928273025,928272381,JimmyStardust,25204750,2019-11-27T23:48:20Z,47105,
193,928274653,928273025,Neutrality,68411,2019-11-28T00:01:30Z,47094,
194,928274816,928274653,Neutrality,68411,2019-11-28T00:02:20Z,47096,
195,928275808,928274816,Javert2113,11844353,2019-11-28T00:11:31Z,47106,
196,928279554,928275808,Daviddwd,14327137,2019-11-28T00:46:51Z,47634,
197,928279635,928279554,Daviddwd,14327137,2019-11-28T00:47:39Z,47721,
198,928309577,928279635,Daviddwd,14327137,2019-11-28T06:04:46Z,48359,
199,928316168,928309577,Daviddwd,14327137,2019-11-28T07:37:13Z,48380,
200,928354617,928316168,218.102.0.90,0,2019-11-28T14:55:10Z,48475,True
201,928365982,928354617,Neutrality,68411,2019-11-28T16:40:50Z,50172,
202,928366057,928365982,Neutrality,68411,2019-11-28T16:41:23Z,50163,
203,928366253,928366057,Neutrality,68411,2019-11-28T16:43:25Z,50162,
204,928367020,928366253,Neutrality,68411,2019-11-28T16:50:17Z,51219,
205,928367062,928367020,Neutrality,68411,2019-11-28T16:50:36Z,51217,
206,928367143,928367062,Neutrality,68411,2019-11-28T16:51:15Z,51213,
207,928367398,928367143,Neutrality,68411,2019-11-28T16:53:38Z,51197,
208,928377212,928367398,North wiki,4474448,2019-11-28T18:25:36Z,51788,
209,928390328,928377212,Flaughtin,36884324,2019-11-28T20:21:24Z,51784,
210,928390506,928390328,Flaughtin,36884324,2019-11-28T20:23:01Z,50867,
211,928392119,928390506,Flaughtin,36884324,2019-11-28T20:37:36Z,51277,
212,928392192,928392119,Flaughtin,36884324,2019-11-28T20:38:21Z,50218,
213,928392784,928392192,Flaughtin,36884324,2019-11-28T20:44:25Z,49572,
214,928399541,928392784,Flaughtin,36884324,2019-11-28T21:51:57Z,50462,
215,928402316,928399541,Flaughtin,36884324,2019-11-28T22:22:36Z,51322,
216,928404037,928402316,Flaughtin,36884324,2019-11-28T22:41:22Z,50348,
217,928432070,928404037,Neutrality,68411,2019-11-29T03:40:38Z,51912,
218,928432995,928432070,Neutrality,68411,2019-11-29T03:50:31Z,52405,
219,928433594,928432995,Neutrality,68411,2019-11-29T03:57:19Z,52399,
220,928433715,928433594,Neutrality,68411,2019-11-29T03:58:31Z,52390,
221,928433862,928433715,Robertsky,1990013,2019-11-29T04:00:05Z,55940,
222,928434088,928433862,Neutrality,68411,2019-11-29T04:02:34Z,55942,
223,928434136,928434088,Neutrality,68411,2019-11-29T04:03:04Z,55940,
224,928461072,928434136,Uranus1781,31329918,2019-11-29T10:14:02Z,55942,
225,928461212,928461072,Uranus1781,31329918,2019-11-29T10:16:10Z,55940,
226,928461317,928461212,Uranus1781,31329918,2019-11-29T10:17:55Z,55946,
227,928461436,928461317,Uranus1781,31329918,2019-11-29T10:19:49Z,55989,
228,928493697,928461436,Daviddwd,14327137,2019-11-29T16:27:55Z,56635,
229,928561268,928493697,JakeTheIV,37882192,2019-11-30T03:04:58Z,56931,
230,928580297,928561268,Citation bot,7903804,2019-11-30T07:12:30Z,56997,
231,928715713,928580297,1990'sguy,20130186,2019-12-01T05:00:21Z,56999,
232,928901753,928715713,218.102.0.90,0,2019-12-02T11:18:46Z,57041,True
233,928902020,928901753,218.102.0.90,0,2019-12-02T11:21:47Z,56738,True
234,928902412,928902020,218.102.0.90,0,2019-12-02T11:26:29Z,56752,True
235,928986452,928902412,Mariogoods,34143604,2019-12-02T23:08:10Z,56862,
236,928986610,928986452,Mariogoods,34143604,2019-12-02T23:09:37Z,56977,
237,928992026,928986610,Universehk,1355576,2019-12-02T23:57:08Z,57989,
238,929021412,928992026,Neutrality,68411,2019-12-03T04:13:41Z,56977,
239,929022672,929021412,Neutrality,68411,2019-12-03T04:27:25Z,58563,
240,929022861,929022672,Neutrality,68411,2019-12-03T04:29:25Z,58565,
241,929022909,929022861,Neutrality,68411,2019-12-03T04:29:49Z,58590,
242,929022986,929022909,Neutrality,68411,2019-12-03T04:30:30Z,58590,
243,929023106,929022986,Neutrality,68411,2019-12-03T04:31:27Z,58594,
244,929202196,929023106,MarkH21,27158663,2019-12-04T08:37:33Z,58941,
245,929267466,929202196,199.127.56.121,0,2019-12-04T18:25:39Z,58901,True
246,929275100,929267466,Neutrality,68411,2019-12-04T19:22:28Z,58941,
247,929279446,929275100,Neutrality,68411,2019-12-04T19:57:43Z,58810,
248,929279729,929279446,Neutrality,68411,2019-12-04T20:00:02Z,58683,
249,929281447,929279729,Neutrality,68411,2019-12-04T20:12:37Z,58782,
250,929295538,929281447,87.63.124.190,0,2019-12-04T21:56:54Z,58676,True
251,929296612,929295538,Neutrality,68411,2019-12-04T22:04:28Z,58782,
252,929332807,929296612,Neutrality,68411,2019-12-05T03:39:55Z,58817,
253,929343071,929332807,習月娥,37570358,2019-12-05T05:31:51Z,58837,
254,929345445,929343071,習月娥,37570358,2019-12-05T06:03:33Z,59032,
255,929346063,929345445,習月娥,37570358,2019-12-05T06:11:45Z,59061,
256,929397564,929346063,Neutrality,68411,2019-12-05T15:46:15Z,59769,
257,929479498,929397564,Mariogoods,34143604,2019-12-06T02:56:54Z,59867,
258,929479527,929479498,Mariogoods,34143604,2019-12-06T02:57:10Z,59875,
259,929481770,929479527,AnomieBOT,7611264,2019-12-06T03:17:17Z,59894,
260,929490483,929481770,Neutrality,68411,2019-12-06T04:42:28Z,59769,
