,revid,parentid,user,userid,timestamp,size
0,905688897,802455586,PoetVeches,31755270,2019-07-10T18:37:38Z,2374
1,905690994,905688897,PoetVeches,31755270,2019-07-10T18:54:46Z,2562
2,905693753,905690994,PoetVeches,31755270,2019-07-10T19:18:43Z,2711
3,915773624,905693753,Hkfreedomfighter,37349311,2019-09-15T07:12:26Z,2770
4,915773653,915773624,Hkfreedomfighter,37349311,2019-09-15T07:12:49Z,2774
5,915830497,915773653,Matthew hk,727505,2019-09-15T15:01:17Z,3202
6,920383314,915830497,Simonm223,6654301,2019-10-09T12:46:08Z,3745
7,920394766,920383314,Matthew hk,727505,2019-10-09T14:25:51Z,4014
8,920397567,920394766,Simonm223,6654301,2019-10-09T14:49:20Z,4436
9,920430376,920397567,Alexander Zubatov,37296379,2019-10-09T19:02:32Z,5886
10,920433379,920430376,Simonm223,6654301,2019-10-09T19:24:08Z,6691
11,920436513,920433379,Alexander Zubatov,37296379,2019-10-09T19:46:16Z,8063
12,920477855,920436513,Matthew hk,727505,2019-10-10T01:41:06Z,8288
13,920536961,920477855,Simonm223,6654301,2019-10-10T12:07:03Z,8481
14,920536976,920536961,Simonm223,6654301,2019-10-10T12:07:14Z,8480
15,920537143,920536976,Simonm223,6654301,2019-10-10T12:08:46Z,8972
16,920553334,920537143,Alexander Zubatov,37296379,2019-10-10T14:19:42Z,10366
17,920559073,920553334,Simonm223,6654301,2019-10-10T14:55:31Z,10533
18,920564818,920559073,Alexander Zubatov,37296379,2019-10-10T15:34:09Z,11513
19,920565171,920564818,Simonm223,6654301,2019-10-10T15:36:19Z,11912
20,920637357,920565171,Kdm852,18929001,2019-10-11T00:24:05Z,12953
21,920724733,920637357,Simonm223,6654301,2019-10-11T13:22:45Z,13553
22,922927278,920724733,Matthew hk,727505,2019-10-25T05:55:16Z,14655
